[
  {
    "subject_id": "dpd_1",
    "rando_hitbutton": "b",
    "rando_tasks": "0back"
  },
  {
    "subject_id": "dpd_2",
    "rando_hitbutton": "b",
    "rando_tasks": "0back"
  },
  {
    "subject_id": "dpd_3",
    "rando_hitbutton": "b",
    "rando_tasks": "0back"
  },
  {
    "subject_id": "dpd_4",
    "rando_hitbutton": "g",
    "rando_tasks": "0back"
  },
  {
    "subject_id": "dpd_5",
    "rando_hitbutton": "g",
    "rando_tasks": "0back"
  },
  {
    "subject_id": "dpd_6",
    "rando_hitbutton": "g",
    "rando_tasks": "2back"
  },
  {
    "subject_id": "dpd_7",
    "rando_hitbutton": "b",
    "rando_tasks": "2back"
  },
  {
    "subject_id": "dpd_8",
    "rando_hitbutton": "g",
    "rando_tasks": "2back"
  },
  {
    "subject_id": "dpd_9",
    "rando_hitbutton": "b",
    "rando_tasks": "2back"
  },
  {
    "subject_id": "dpd_10",
    "rando_hitbutton": "b",
    "rando_tasks": "0back"
  },
  {
    "subject_id": "dpd_11",
    "rando_hitbutton": "g",
    "rando_tasks": "2back"
  },
  {
    "subject_id": "dpd_12",
    "rando_hitbutton": "g",
    "rando_tasks": "0back"
  },
  {
    "subject_id": "dpd_13",
    "rando_hitbutton": "b",
    "rando_tasks": "2back"
  },
  {
    "subject_id": "dpd_14",
    "rando_hitbutton": "b",
    "rando_tasks": "0back"
  },
  {
    "subject_id": "dpd_15",
    "rando_hitbutton": "b",
    "rando_tasks": "2back"
  },
  {
    "subject_id": "dpd_16",
    "rando_hitbutton": "g",
    "rando_tasks": "2back"
  },
  {
    "subject_id": "dpd_17",
    "rando_hitbutton": "g",
    "rando_tasks": "2back"
  },
  {
    "subject_id": "dpd_18",
    "rando_hitbutton": "b",
    "rando_tasks": "2back"
  },
  {
    "subject_id": "dpd_19",
    "rando_hitbutton": "b",
    "rando_tasks": "0back"
  },
  {
    "subject_id": "dpd_20",
    "rando_hitbutton": "b",
    "rando_tasks": "0back"
  },
  {
    "subject_id": "dpd_21",
    "rando_hitbutton": "g",
    "rando_tasks": "0back"
  },
  {
    "subject_id": "dpd_22",
    "rando_hitbutton": "g",
    "rando_tasks": "0back"
  },
  {
    "subject_id": "dpd_23",
    "rando_hitbutton": "g",
    "rando_tasks": "2back"
  },
  {
    "subject_id": "dpd_24",
    "rando_hitbutton": "g",
    "rando_tasks": "2back"
  },
  {
    "subject_id": "dpd_25",
    "rando_hitbutton": "g",
    "rando_tasks": "2back"
  },
  {
    "subject_id": "dpd_26",
    "rando_hitbutton": "b",
    "rando_tasks": "0back"
  },
  {
    "subject_id": "dpd_27",
    "rando_hitbutton": "g",
    "rando_tasks": "0back"
  },
  {
    "subject_id": "dpd_28",
    "rando_hitbutton": "b",
    "rando_tasks": "0back"
  },
  {
    "subject_id": "dpd_29",
    "rando_hitbutton": "g",
    "rando_tasks": "0back"
  },
  {
    "subject_id": "dpd_30",
    "rando_hitbutton": "b",
    "rando_tasks": "2back"
  },
  {
    "subject_id": "dpd_31",
    "rando_hitbutton": "b",
    "rando_tasks": "2back"
  },
  {
    "subject_id": "dpd_32",
    "rando_hitbutton": "g",
    "rando_tasks": "0back"
  },
  {
    "subject_id": "dpd_33",
    "rando_hitbutton": "g",
    "rando_tasks": "2back"
  },
  {
    "subject_id": "dpd_34",
    "rando_hitbutton": "b",
    "rando_tasks": "2back"
  },
  {
    "subject_id": "dpd_35",
    "rando_hitbutton": "g",
    "rando_tasks": "2back"
  },
  {
    "subject_id": "dpd_36",
    "rando_hitbutton": "b",
    "rando_tasks": "2back"
  },
  {
    "subject_id": "dpd_37",
    "rando_hitbutton": "g",
    "rando_tasks": "2back"
  },
  {
    "subject_id": "dpd_38",
    "rando_hitbutton": "g",
    "rando_tasks": "0back"
  },
  {
    "subject_id": "dpd_39",
    "rando_hitbutton": "b",
    "rando_tasks": "0back"
  },
  {
    "subject_id": "dpd_40",
    "rando_hitbutton": "g",
    "rando_tasks": "0back"
  },
  {
    "subject_id": "dpd_41",
    "rando_hitbutton": "b",
    "rando_tasks": "2back"
  },
  {
    "subject_id": "dpd_42",
    "rando_hitbutton": "b",
    "rando_tasks": "2back"
  },
  {
    "subject_id": "dpd_43",
    "rando_hitbutton": "b",
    "rando_tasks": "0back"
  },
  {
    "subject_id": "dpd_44",
    "rando_hitbutton": "b",
    "rando_tasks": "2back"
  },
  {
    "subject_id": "dpd_45",
    "rando_hitbutton": "b",
    "rando_tasks": "0back"
  },
  {
    "subject_id": "dpd_46",
    "rando_hitbutton": "g",
    "rando_tasks": "0back"
  },
  {
    "subject_id": "dpd_47",
    "rando_hitbutton": "b",
    "rando_tasks": "2back"
  },
  {
    "subject_id": "dpd_48",
    "rando_hitbutton": "g",
    "rando_tasks": "0back"
  },
  {
    "subject_id": "dpd_49",
    "rando_hitbutton": "g",
    "rando_tasks": "2back"
  },
  {
    "subject_id": "dpd_50",
    "rando_hitbutton": "g",
    "rando_tasks": "2back"
  },
  {
    "subject_id": "dpd_51",
    "rando_hitbutton": "g",
    "rando_tasks": "0back"
  },
  {
    "subject_id": "dpd_52",
    "rando_hitbutton": "b",
    "rando_tasks": "0back"
  },
  {
    "subject_id": "dpd_53",
    "rando_hitbutton": "b",
    "rando_tasks": "2back"
  },
  {
    "subject_id": "dpd_54",
    "rando_hitbutton": "g",
    "rando_tasks": "2back"
  },
  {
    "subject_id": "dpd_55",
    "rando_hitbutton": "b",
    "rando_tasks": "0back"
  },
  {
    "subject_id": "dpd_56",
    "rando_hitbutton": "g",
    "rando_tasks": "0back"
  },
  {
    "subject_id": "dpd_57",
    "rando_hitbutton": "g",
    "rando_tasks": "2back"
  },
  {
    "subject_id": "dpd_58",
    "rando_hitbutton": "g",
    "rando_tasks": "0back"
  },
  {
    "subject_id": "dpd_59",
    "rando_hitbutton": "b",
    "rando_tasks": "0back"
  },
  {
    "subject_id": "dpd_60",
    "rando_hitbutton": "b",
    "rando_tasks": "0back"
  },
  {
    "subject_id": "dpd_61",
    "rando_hitbutton": "b",
    "rando_tasks": "2back"
  },
  {
    "subject_id": "dpd_62",
    "rando_hitbutton": "b",
    "rando_tasks": "2back"
  },
  {
    "subject_id": "dpd_63",
    "rando_hitbutton": "b",
    "rando_tasks": "0back"
  },
  {
    "subject_id": "dpd_64",
    "rando_hitbutton": "g",
    "rando_tasks": "0back"
  },
  {
    "subject_id": "dpd_65",
    "rando_hitbutton": "b",
    "rando_tasks": "0back"
  },
  {
    "subject_id": "dpd_66",
    "rando_hitbutton": "g",
    "rando_tasks": "2back"
  },
  {
    "subject_id": "dpd_67",
    "rando_hitbutton": "g",
    "rando_tasks": "2back"
  },
  {
    "subject_id": "dpd_68",
    "rando_hitbutton": "b",
    "rando_tasks": "2back"
  },
  {
    "subject_id": "dpd_69",
    "rando_hitbutton": "g",
    "rando_tasks": "2back"
  },
  {
    "subject_id": "dpd_70",
    "rando_hitbutton": "b",
    "rando_tasks": "2back"
  },
  {
    "subject_id": "dpd_71",
    "rando_hitbutton": "b",
    "rando_tasks": "2back"
  },
  {
    "subject_id": "dpd_72",
    "rando_hitbutton": "g",
    "rando_tasks": "0back"
  },
  {
    "subject_id": "dpd_73",
    "rando_hitbutton": "g",
    "rando_tasks": "0back"
  },
  {
    "subject_id": "dpd_74",
    "rando_hitbutton": "b",
    "rando_tasks": "0back"
  },
  {
    "subject_id": "dpd_75",
    "rando_hitbutton": "g",
    "rando_tasks": "0back"
  },
  {
    "subject_id": "dpd_76",
    "rando_hitbutton": "g",
    "rando_tasks": "0back"
  },
  {
    "subject_id": "dpd_77",
    "rando_hitbutton": "b",
    "rando_tasks": "2back"
  },
  {
    "subject_id": "dpd_78",
    "rando_hitbutton": "g",
    "rando_tasks": "2back"
  },
  {
    "subject_id": "dpd_79",
    "rando_hitbutton": "b",
    "rando_tasks": "0back"
  },
  {
    "subject_id": "dpd_80",
    "rando_hitbutton": "g",
    "rando_tasks": "2back"
  }
]
