{
  "_id": "674e0d2ce451702922a3cf4f",
  "userId": "7f98c2a33e55d6ffed7c28c44103cedb792c363751cda1d018b4594547706b50",
  "__v": 0,
  "createdAt": "2024-12-02T19:40:28.691Z",
  "params": {
    "LL": -120.17258070320915,
    "beta": 0.10386783694423557,
    "h": 2.365010115559667,
    "kappa": 0.000149511535166697,
    "s": 1
  },
  "run_A": [
    {
      "rt": 3342,
      "immOpt": "20.0",
      "delOpt": "28.1",
      "p_occurence": 0.2,
      "delay": 182.5,
      "type": 3,
      "time_elapsed": 32708,
      "choice": "immediate",
      "timelineType": "run_A"
    },
    {
      "rt": 3657,
      "immOpt": "10.0",
      "delOpt": "4420.0",
      "p_occurence": 0.5,
      "delay": 182.5,
      "type": 3,
      "time_elapsed": 38369,
      "choice": "delayed",
      "timelineType": "run_A"
    },
    {
      "rt": 8511,
      "immOpt": "10.0",
      "delOpt": "14.2",
      "p_occurence": 0.2,
      "delay": 1095,
      "type": 3,
      "time_elapsed": 48883,
      "choice": "immediate",
      "timelineType": "run_A"
    },
    {
      "rt": 3858,
      "immOpt": "50.0",
      "delOpt": "62.5",
      "p_occurence": 0.8,
      "delay": 30,
      "type": 3,
      "time_elapsed": 54751,
      "choice": "delayed",
      "timelineType": "run_A"
    },
    {
      "rt": 2221,
      "immOpt": "10.0",
      "delOpt": "4400.0",
      "p_occurence": 0.5,
      "delay": 365,
      "type": 3,
      "time_elapsed": 58975,
      "choice": "delayed",
      "timelineType": "run_A"
    },
    {
      "rt": 8113,
      "immOpt": "10.0",
      "delOpt": "950.0",
      "p_occurence": 0.2,
      "delay": 30,
      "type": 3,
      "time_elapsed": 69093,
      "choice": "delayed",
      "timelineType": "run_A"
    },
    {
      "rt": 2961,
      "immOpt": "20.0",
      "delOpt": "298.8",
      "p_occurence": 0.8,
      "delay": 1095,
      "type": 3,
      "time_elapsed": 74058,
      "choice": "delayed",
      "timelineType": "run_A"
    },
    {
      "rt": 7858,
      "immOpt": "20.0",
      "delOpt": "734.5",
      "p_occurence": 0.2,
      "delay": 182.5,
      "type": 3,
      "time_elapsed": 83922,
      "choice": "delayed",
      "timelineType": "run_A"
    },
    {
      "rt": 2571,
      "immOpt": "50.0",
      "delOpt": "71.5",
      "p_occurence": 0.5,
      "delay": 30,
      "type": 3,
      "time_elapsed": 88496,
      "choice": "immediate",
      "timelineType": "run_A"
    },
    {
      "rt": 3650,
      "immOpt": "50.0",
      "delOpt": "202.2",
      "p_occurence": 0.5,
      "delay": 1095,
      "type": 3,
      "time_elapsed": 94150,
      "choice": "immediate",
      "timelineType": "run_A"
    },
    {
      "rt": 8183,
      "immOpt": "10.0",
      "delOpt": "8225.0",
      "p_occurence": 0.8,
      "delay": 1095,
      "type": 3,
      "time_elapsed": 104341,
      "choice": "delayed",
      "timelineType": "run_A"
    },
    {
      "rt": 2723,
      "immOpt": "10.0",
      "delOpt": "209.0",
      "p_occurence": 0.5,
      "delay": 30,
      "type": 3,
      "time_elapsed": 109042,
      "choice": "delayed",
      "timelineType": "run_A"
    },
    {
      "rt": 3856,
      "immOpt": "20.0",
      "delOpt": "79.1",
      "p_occurence": 0.2,
      "delay": 182.5,
      "type": 3,
      "time_elapsed": 114904,
      "choice": "immediate",
      "timelineType": "run_A"
    },
    {
      "rt": 3338,
      "immOpt": "50.0",
      "delOpt": "22100.0",
      "p_occurence": 0.5,
      "delay": 182.5,
      "type": 3,
      "time_elapsed": 120247,
      "choice": "delayed",
      "timelineType": "run_A"
    },
    {
      "rt": 2780,
      "immOpt": "10.0",
      "delOpt": "380.0",
      "p_occurence": 0.5,
      "delay": 30,
      "type": 3,
      "time_elapsed": 125034,
      "choice": "delayed",
      "timelineType": "run_A"
    },
    {
      "rt": 6839,
      "immOpt": "20.0",
      "delOpt": "475.0",
      "p_occurence": 0.8,
      "delay": 30,
      "type": 3,
      "time_elapsed": 133878,
      "choice": "delayed",
      "timelineType": "run_A"
    },
    {
      "rt": 4724,
      "immOpt": "50.0",
      "delOpt": "62.7",
      "p_occurence": 0.8,
      "delay": 365,
      "type": 3,
      "time_elapsed": 140615,
      "choice": "delayed",
      "timelineType": "run_A"
    },
    {
      "rt": 4069,
      "immOpt": "50.0",
      "delOpt": "36190.0",
      "p_occurence": 0.5,
      "delay": 1095,
      "type": 3,
      "time_elapsed": 146691,
      "choice": "delayed",
      "timelineType": "run_A"
    },
    {
      "rt": null,
      "immOpt": "20.0",
      "delOpt": "57.9",
      "p_occurence": 0.8,
      "delay": 182.5,
      "type": 3,
      "time_elapsed": 158699,
      "choice": "no answer",
      "timelineType": "run_A"
    },
    {
      "rt": 1400,
      "immOpt": "10.0",
      "delOpt": "10.3",
      "p_occurence": 0.8,
      "delay": 30,
      "type": 3,
      "time_elapsed": 162103,
      "choice": "immediate",
      "timelineType": "run_A"
    },
    {
      "rt": 4837,
      "immOpt": "50.0",
      "delOpt": "651.2",
      "p_occurence": 0.2,
      "delay": 182.5,
      "type": 3,
      "time_elapsed": 168944,
      "choice": "immediate",
      "timelineType": "run_A"
    },
    {
      "rt": 4113,
      "immOpt": "10.0",
      "delOpt": "2750.0",
      "p_occurence": 0.8,
      "delay": 365,
      "type": 3,
      "time_elapsed": 175014,
      "choice": "delayed",
      "timelineType": "run_A"
    },
    {
      "rt": 3774,
      "immOpt": "10.0",
      "delOpt": "40.4",
      "p_occurence": 0.5,
      "delay": 1095,
      "type": 3,
      "time_elapsed": 180792,
      "choice": "delayed",
      "timelineType": "run_A"
    },
    {
      "rt": 4103,
      "immOpt": "50.0",
      "delOpt": "66.6",
      "p_occurence": 0.8,
      "delay": 30,
      "type": 3,
      "time_elapsed": 186901,
      "choice": "immediate",
      "timelineType": "run_A"
    },
    {
      "rt": 3959,
      "immOpt": "20.0",
      "delOpt": "478.0",
      "p_occurence": 0.5,
      "delay": 1095,
      "type": 3,
      "time_elapsed": 192864,
      "choice": "delayed",
      "timelineType": "run_A"
    },
    {
      "rt": 4138,
      "immOpt": "50.0",
      "delOpt": "250.5",
      "p_occurence": 0.2,
      "delay": 182.5,
      "type": 3,
      "time_elapsed": 199007,
      "choice": "immediate",
      "timelineType": "run_A"
    },
    {
      "rt": 2052,
      "immOpt": "20.0",
      "delOpt": "8800.0",
      "p_occurence": 0.5,
      "delay": 365,
      "type": 3,
      "time_elapsed": 203066,
      "choice": "delayed",
      "timelineType": "run_A"
    },
    {
      "rt": 3183,
      "immOpt": "50.0",
      "delOpt": "1045.0",
      "p_occurence": 0.5,
      "delay": 30,
      "type": 3,
      "time_elapsed": 208256,
      "choice": "delayed",
      "timelineType": "run_A"
    },
    {
      "rt": 9350,
      "immOpt": "50.0",
      "delOpt": "70.3",
      "p_occurence": 0.2,
      "delay": 365,
      "type": 3,
      "time_elapsed": 219611,
      "choice": "immediate",
      "timelineType": "run_A"
    },
    {
      "rt": 3380,
      "immOpt": "20.0",
      "delOpt": "57200.0",
      "p_occurence": 0.2,
      "delay": 365,
      "type": 3,
      "time_elapsed": 224997,
      "choice": "delayed",
      "timelineType": "run_A"
    },
    {
      "rt": 3161,
      "delOpt": "43.3",
      "delay": 30,
      "immOpt": "10.0",
      "odds": 1,
      "p_certain": 0.5,
      "p_occurence": 0.5,
      "time_elapsed": 3113,
      "choice": "delayed",
      "timelineType": "run_A"
    },
    {
      "rt": 3387,
      "delOpt": "41.5",
      "delay": 30,
      "immOpt": "10.0",
      "odds": 1,
      "p_certain": 0.5,
      "p_occurence": 0.5,
      "time_elapsed": 3389,
      "choice": "delayed",
      "timelineType": "run_A"
    },
    {
      "rt": 6884,
      "delOpt": "39.9",
      "delay": 30,
      "immOpt": "10.0",
      "odds": 1,
      "p_certain": 0.5,
      "p_occurence": 0.5,
      "time_elapsed": 6886,
      "choice": "delayed",
      "timelineType": "run_A"
    },
    {
      "rt": 4812,
      "delOpt": "38.4",
      "delay": 30,
      "immOpt": "10.0",
      "odds": 1,
      "p_certain": 0.5,
      "p_occurence": 0.5,
      "time_elapsed": 4813,
      "choice": "delayed",
      "timelineType": "run_A"
    },
    {
      "rt": 4653,
      "delOpt": "37.0",
      "delay": 30,
      "immOpt": "10.0",
      "odds": 1,
      "p_certain": 0.5,
      "p_occurence": 0.5,
      "time_elapsed": 4654,
      "choice": "immediate",
      "timelineType": "run_A"
    },
    {
      "rt": 8437,
      "delOpt": "38.3",
      "delay": 30,
      "immOpt": "10.0",
      "odds": 1,
      "p_certain": 0.5,
      "p_occurence": 0.5,
      "time_elapsed": 8439,
      "choice": "immediate",
      "timelineType": "run_A"
    },
    {
      "rt": 3488,
      "delOpt": "18.3",
      "delay": 182.5,
      "immOpt": "10.0",
      "odds": 0.24999999999999994,
      "p_certain": 0.5,
      "p_occurence": 0.8,
      "time_elapsed": 3489,
      "choice": "immediate",
      "timelineType": "run_A"
    },
    {
      "rt": 3926,
      "delOpt": "40.1",
      "delay": 30,
      "immOpt": "10.0",
      "odds": 1,
      "p_certain": 0.5,
      "p_occurence": 0.5,
      "time_elapsed": 3879,
      "choice": "delayed",
      "timelineType": "run_A"
    },
    {
      "rt": 3822,
      "delOpt": "18.2",
      "delay": 182.5,
      "immOpt": "10.0",
      "odds": 0.24999999999999994,
      "p_certain": 0.5,
      "p_occurence": 0.8,
      "time_elapsed": 3823,
      "choice": "immediate",
      "timelineType": "run_A"
    },
    {
      "rt": 5888,
      "delOpt": "39.1",
      "delay": 30,
      "immOpt": "10.0",
      "odds": 1,
      "p_certain": 0.5,
      "p_occurence": 0.5,
      "time_elapsed": 5891,
      "choice": "delayed",
      "timelineType": "run_A"
    },
    {
      "rt": 5152,
      "delOpt": "18.2",
      "delay": 182.5,
      "immOpt": "10.0",
      "odds": 0.24999999999999994,
      "p_certain": 0.5,
      "p_occurence": 0.8,
      "time_elapsed": 5153,
      "choice": "immediate",
      "timelineType": "run_A"
    },
    {
      "rt": 5705,
      "delOpt": "18.4",
      "delay": 182.5,
      "immOpt": "10.0",
      "odds": 0.24999999999999994,
      "p_certain": 0.5,
      "p_occurence": 0.8,
      "time_elapsed": 5706,
      "choice": "immediate",
      "timelineType": "run_A"
    },
    {
      "rt": 3715,
      "delOpt": "19.2",
      "delay": 182.5,
      "immOpt": "10.0",
      "odds": 0.24999999999999994,
      "p_certain": 0.5,
      "p_occurence": 0.8,
      "time_elapsed": 3717,
      "choice": "delayed",
      "timelineType": "run_A"
    },
    {
      "rt": 3627,
      "delOpt": "131.3",
      "delay": 1095,
      "immOpt": "50.0",
      "odds": 0.24999999999999994,
      "p_certain": 0.5,
      "p_occurence": 0.8,
      "time_elapsed": 3629,
      "choice": "delayed",
      "timelineType": "run_A"
    },
    {
      "rt": 2583,
      "delOpt": "95.9",
      "delay": 1095,
      "immOpt": "50.0",
      "odds": 0.24999999999999994,
      "p_certain": 0.5,
      "p_occurence": 0.8,
      "time_elapsed": 2584,
      "choice": "immediate",
      "timelineType": "run_A"
    },
    {
      "rt": 3132,
      "delOpt": "38.8",
      "delay": 30,
      "immOpt": "10.0",
      "odds": 1,
      "p_certain": 0.5,
      "p_occurence": 0.5,
      "time_elapsed": 3083,
      "choice": "delayed",
      "timelineType": "run_A"
    },
    {
      "rt": 3601,
      "delOpt": "17.8",
      "delay": 182.5,
      "immOpt": "10.0",
      "odds": 0.24999999999999994,
      "p_certain": 0.5,
      "p_occurence": 0.8,
      "time_elapsed": 3603,
      "choice": "immediate",
      "timelineType": "run_A"
    },
    {
      "rt": 4391,
      "delOpt": "113.1",
      "delay": 1095,
      "immOpt": "50.0",
      "odds": 0.24999999999999994,
      "p_certain": 0.5,
      "p_occurence": 0.8,
      "time_elapsed": 4391,
      "choice": "immediate",
      "timelineType": "run_A"
    },
    {
      "rt": 7425,
      "delOpt": "129.6",
      "delay": 1095,
      "immOpt": "50.0",
      "odds": 0.24999999999999994,
      "p_certain": 0.5,
      "p_occurence": 0.8,
      "time_elapsed": 7426,
      "choice": "immediate",
      "timelineType": "run_A"
    },
    {
      "rt": 5314,
      "delOpt": "63.9",
      "delay": 1095,
      "immOpt": "10.0",
      "odds": 1,
      "p_certain": 0.5,
      "p_occurence": 0.5,
      "time_elapsed": 5314,
      "choice": "delayed",
      "timelineType": "run_A"
    },
    {
      "rt": 2816,
      "delOpt": "19.3",
      "delay": 182.5,
      "immOpt": "10.0",
      "odds": 0.24999999999999994,
      "p_certain": 0.5,
      "p_occurence": 0.8,
      "time_elapsed": 2816,
      "choice": "delayed",
      "timelineType": "run_A"
    },
    {
      "rt": 2557,
      "delOpt": "18.7",
      "delay": 182.5,
      "immOpt": "10.0",
      "odds": 0.24999999999999994,
      "p_certain": 0.5,
      "p_occurence": 0.8,
      "time_elapsed": 2558,
      "choice": "immediate",
      "timelineType": "run_A"
    },
    {
      "rt": 3220,
      "delOpt": "145.2",
      "delay": 1095,
      "immOpt": "50.0",
      "odds": 0.24999999999999994,
      "p_certain": 0.5,
      "p_occurence": 0.8,
      "time_elapsed": 3220,
      "choice": "delayed",
      "timelineType": "run_A"
    },
    {
      "rt": 4833,
      "delOpt": "18.6",
      "delay": 182.5,
      "immOpt": "10.0",
      "odds": 0.24999999999999994,
      "p_certain": 0.5,
      "p_occurence": 0.8,
      "time_elapsed": 4834,
      "choice": "delayed",
      "timelineType": "run_A"
    },
    {
      "rt": 3763,
      "delOpt": "55.5",
      "delay": 1095,
      "immOpt": "10.0",
      "odds": 1,
      "p_certain": 0.5,
      "p_occurence": 0.5,
      "time_elapsed": 3764,
      "choice": "delayed",
      "timelineType": "run_A"
    },
    {
      "rt": 5515,
      "delOpt": "127.1",
      "delay": 1095,
      "immOpt": "50.0",
      "odds": 0.24999999999999994,
      "p_certain": 0.5,
      "p_occurence": 0.8,
      "time_elapsed": 5516,
      "choice": "delayed",
      "timelineType": "run_A"
    },
    {
      "rt": 4043,
      "delOpt": "119.3",
      "delay": 1095,
      "immOpt": "50.0",
      "odds": 0.24999999999999994,
      "p_certain": 0.5,
      "p_occurence": 0.8,
      "time_elapsed": 4044,
      "choice": "delayed",
      "timelineType": "run_A"
    },
    {
      "rt": 2146,
      "delOpt": "49.3",
      "delay": 1095,
      "immOpt": "10.0",
      "odds": 1,
      "p_certain": 0.5,
      "p_occurence": 0.5,
      "time_elapsed": 2147,
      "choice": "immediate",
      "timelineType": "run_A"
    },
    {
      "rt": 5162,
      "delOpt": "50.2",
      "delay": 1095,
      "immOpt": "10.0",
      "odds": 1,
      "p_certain": 0.5,
      "p_occurence": 0.5,
      "time_elapsed": 5163,
      "choice": "immediate",
      "timelineType": "run_A"
    },
    {
      "rt": 4849,
      "delOpt": "50.8",
      "delay": 1095,
      "immOpt": "10.0",
      "odds": 1,
      "p_certain": 0.5,
      "p_occurence": 0.5,
      "time_elapsed": 4851,
      "choice": "delayed",
      "timelineType": "run_A"
    },
    {
      "rt": 6939,
      "delOpt": "260.7",
      "delay": 365,
      "immOpt": "20.0",
      "odds": 4,
      "p_certain": 0.5,
      "p_occurence": 0.2,
      "time_elapsed": 6940,
      "choice": "immediate",
      "timelineType": "run_A"
    },
    {
      "rt": 3459,
      "delOpt": "114.6",
      "delay": 1095,
      "immOpt": "50.0",
      "odds": 0.24999999999999994,
      "p_certain": 0.5,
      "p_occurence": 0.8,
      "time_elapsed": 3460,
      "choice": "delayed",
      "timelineType": "run_A"
    },
    {
      "rt": 8232,
      "delOpt": "49.2",
      "delay": 1095,
      "immOpt": "10.0",
      "odds": 1,
      "p_certain": 0.5,
      "p_occurence": 0.5,
      "time_elapsed": 8233,
      "choice": "delayed",
      "timelineType": "run_A"
    },
    {
      "rt": 2868,
      "delOpt": "192.6",
      "delay": 30,
      "immOpt": "50.0",
      "odds": 1,
      "p_certain": 0.5,
      "p_occurence": 0.5,
      "time_elapsed": 2870,
      "choice": "delayed",
      "timelineType": "run_A"
    },
    {
      "rt": 4823,
      "delOpt": "46.9",
      "delay": 1095,
      "immOpt": "10.0",
      "odds": 1,
      "p_certain": 0.5,
      "p_occurence": 0.5,
      "time_elapsed": 4824,
      "choice": "immediate",
      "timelineType": "run_A"
    },
    {
      "rt": 4544,
      "delOpt": "47.4",
      "delay": 1095,
      "immOpt": "10.0",
      "odds": 1,
      "p_certain": 0.5,
      "p_occurence": 0.5,
      "time_elapsed": 4544,
      "choice": "delayed",
      "timelineType": "run_A"
    },
    {
      "rt": 8799,
      "delOpt": "46.9",
      "delay": 1095,
      "immOpt": "10.0",
      "odds": 1,
      "p_certain": 0.5,
      "p_occurence": 0.5,
      "time_elapsed": 8801,
      "choice": "immediate",
      "timelineType": "run_A"
    },
    {
      "rt": 4057,
      "delOpt": "47.4",
      "delay": 1095,
      "immOpt": "10.0",
      "odds": 1,
      "p_certain": 0.5,
      "p_occurence": 0.5,
      "time_elapsed": 4059,
      "choice": "delayed",
      "timelineType": "run_A"
    },
    {
      "rt": 7152,
      "delOpt": "248.8",
      "delay": 365,
      "immOpt": "20.0",
      "odds": 4,
      "p_certain": 0.5,
      "p_occurence": 0.2,
      "time_elapsed": 7155,
      "choice": "immediate",
      "timelineType": "run_A"
    },
    {
      "rt": 6805,
      "delOpt": "47.6",
      "delay": 1095,
      "immOpt": "10.0",
      "odds": 1,
      "p_certain": 0.5,
      "p_occurence": 0.5,
      "time_elapsed": 6806,
      "choice": "delayed",
      "timelineType": "run_A"
    },
    {
      "rt": 6064,
      "delOpt": "255.2",
      "delay": 365,
      "immOpt": "20.0",
      "odds": 4,
      "p_certain": 0.5,
      "p_occurence": 0.2,
      "time_elapsed": 6067,
      "choice": "immediate",
      "timelineType": "run_A"
    },
    {
      "rt": 5864,
      "delOpt": "47.9",
      "delay": 1095,
      "immOpt": "10.0",
      "odds": 1,
      "p_certain": 0.5,
      "p_occurence": 0.5,
      "time_elapsed": 5866,
      "choice": "delayed",
      "timelineType": "run_A"
    },
    {
      "rt": 4850,
      "delOpt": "183.6",
      "delay": 30,
      "immOpt": "50.0",
      "odds": 1,
      "p_certain": 0.5,
      "p_occurence": 0.5,
      "time_elapsed": 4852,
      "choice": "immediate",
      "timelineType": "run_A"
    },
    {
      "rt": 3073,
      "delOpt": "196.5",
      "delay": 30,
      "immOpt": "50.0",
      "odds": 1,
      "p_certain": 0.5,
      "p_occurence": 0.5,
      "time_elapsed": 3075,
      "choice": "delayed",
      "timelineType": "run_A"
    },
    {
      "rt": 2179,
      "delOpt": "752.6",
      "delay": 1095,
      "immOpt": "50.0",
      "odds": 4,
      "p_certain": 0.5,
      "p_occurence": 0.2,
      "time_elapsed": 2181,
      "choice": "delayed",
      "timelineType": "run_A"
    },
    {
      "rt": 1948,
      "delOpt": "252.8",
      "delay": 365,
      "immOpt": "20.0",
      "odds": 4,
      "p_certain": 0.5,
      "p_occurence": 0.2,
      "time_elapsed": 1949,
      "choice": "immediate",
      "timelineType": "run_A"
    },
    {
      "rt": 2839,
      "delOpt": "182.7",
      "delay": 30,
      "immOpt": "50.0",
      "odds": 1,
      "p_certain": 0.5,
      "p_occurence": 0.5,
      "time_elapsed": 2841,
      "choice": "delayed",
      "timelineType": "run_A"
    },
    {
      "rt": 8488,
      "delOpt": "108.1",
      "delay": 1095,
      "immOpt": "50.0",
      "odds": 0.24999999999999994,
      "p_certain": 0.5,
      "p_occurence": 0.8,
      "time_elapsed": 8489,
      "choice": "delayed",
      "timelineType": "run_A"
    },
    {
      "rt": 2505,
      "delOpt": "246.0",
      "delay": 365,
      "immOpt": "20.0",
      "odds": 4,
      "p_certain": 0.5,
      "p_occurence": 0.2,
      "time_elapsed": 2507,
      "choice": "immediate",
      "timelineType": "run_A"
    },
    {
      "rt": 6641,
      "delOpt": "179.3",
      "delay": 30,
      "immOpt": "50.0",
      "odds": 1,
      "p_certain": 0.5,
      "p_occurence": 0.5,
      "time_elapsed": 6643,
      "choice": "immediate",
      "timelineType": "run_A"
    },
    {
      "rt": 2153,
      "delOpt": "205.3",
      "delay": 365,
      "immOpt": "50.0",
      "odds": 1,
      "p_certain": 0.5,
      "p_occurence": 0.5,
      "time_elapsed": 2155,
      "choice": "delayed",
      "timelineType": "run_A"
    },
    {
      "rt": 3761,
      "delOpt": "278.1",
      "delay": 1095,
      "immOpt": "20.0",
      "odds": 4,
      "p_certain": 0.5,
      "p_occurence": 0.2,
      "time_elapsed": 3762,
      "choice": "immediate",
      "timelineType": "run_A"
    },
    {
      "rt": 4836,
      "delOpt": "45.0",
      "delay": 1095,
      "immOpt": "10.0",
      "odds": 1,
      "p_certain": 0.5,
      "p_occurence": 0.5,
      "time_elapsed": 4838,
      "choice": "immediate",
      "timelineType": "run_A"
    },
    {
      "rt": 5442,
      "delOpt": "255.9",
      "delay": 365,
      "immOpt": "20.0",
      "odds": 4,
      "p_certain": 0.5,
      "p_occurence": 0.2,
      "time_elapsed": 5444,
      "choice": "immediate",
      "timelineType": "run_A"
    },
    {
      "rt": 4408,
      "delOpt": "45.7",
      "delay": 1095,
      "immOpt": "10.0",
      "odds": 1,
      "p_certain": 0.5,
      "p_occurence": 0.5,
      "time_elapsed": 4410,
      "choice": "immediate",
      "timelineType": "run_A"
    },
    {
      "rt": null,
      "delOpt": "186.0",
      "delay": 30,
      "immOpt": "50.0",
      "odds": 1,
      "p_certain": 0.5,
      "p_occurence": 0.5,
      "time_elapsed": 10003,
      "choice": "no answer",
      "timelineType": "run_A"
    },
    {
      "rt": 2201,
      "delOpt": "729.2",
      "delay": 1095,
      "immOpt": "50.0",
      "odds": 4,
      "p_certain": 0.5,
      "p_occurence": 0.2,
      "time_elapsed": 2202,
      "choice": "delayed",
      "timelineType": "run_A"
    },
    {
      "rt": 3125,
      "delOpt": "36.6",
      "delay": 30,
      "immOpt": "10.0",
      "odds": 1,
      "p_certain": 0.5,
      "p_occurence": 0.5,
      "time_elapsed": 3127,
      "choice": "immediate",
      "timelineType": "run_A"
    },
    {
      "rt": 4600,
      "delOpt": "44.5",
      "delay": 1095,
      "immOpt": "10.0",
      "odds": 1,
      "p_certain": 0.5,
      "p_occurence": 0.5,
      "time_elapsed": 4601,
      "choice": "immediate",
      "timelineType": "run_A"
    },
    {
      "rt": 2963,
      "delOpt": "256.7",
      "delay": 365,
      "immOpt": "20.0",
      "odds": 4,
      "p_certain": 0.5,
      "p_occurence": 0.2,
      "time_elapsed": 2963,
      "choice": "immediate",
      "timelineType": "run_A"
    },
    {
      "rt": 1866,
      "delOpt": "713.3",
      "delay": 1095,
      "immOpt": "50.0",
      "odds": 4,
      "p_certain": 0.5,
      "p_occurence": 0.2,
      "time_elapsed": 1868,
      "choice": "delayed",
      "timelineType": "run_A"
    },
    {
      "rt": 3244,
      "delOpt": "685.5",
      "delay": 1095,
      "immOpt": "50.0",
      "odds": 4,
      "p_certain": 0.5,
      "p_occurence": 0.2,
      "time_elapsed": 3245,
      "choice": "delayed",
      "timelineType": "run_A"
    },
    {
      "rt": 3444,
      "delOpt": "198.5",
      "delay": 365,
      "immOpt": "50.0",
      "odds": 1,
      "p_certain": 0.5,
      "p_occurence": 0.5,
      "time_elapsed": 3446,
      "choice": "delayed",
      "timelineType": "run_A"
    },
    {
      "rt": 1829,
      "delOpt": "646.9",
      "delay": 1095,
      "immOpt": "50.0",
      "odds": 4,
      "p_certain": 0.5,
      "p_occurence": 0.2,
      "time_elapsed": 1831,
      "choice": "delayed",
      "timelineType": "run_A"
    },
    {
      "rt": 6751,
      "delOpt": "619.4",
      "delay": 1095,
      "immOpt": "50.0",
      "odds": 4,
      "p_certain": 0.5,
      "p_occurence": 0.2,
      "time_elapsed": 6753,
      "choice": "delayed",
      "timelineType": "run_A"
    },
    {
      "rt": 3045,
      "delOpt": "187.4",
      "delay": 365,
      "immOpt": "50.0",
      "odds": 1,
      "p_certain": 0.5,
      "p_occurence": 0.5,
      "time_elapsed": 3045,
      "choice": "delayed",
      "timelineType": "run_A"
    },
    {
      "rt": 4974,
      "delOpt": "231.5",
      "delay": 1095,
      "immOpt": "20.0",
      "odds": 4,
      "p_certain": 0.5,
      "p_occurence": 0.2,
      "time_elapsed": 4976,
      "choice": "immediate",
      "timelineType": "run_A"
    },
    {
      "rt": 3601,
      "delOpt": "34.5",
      "delay": 30,
      "immOpt": "10.0",
      "odds": 1,
      "p_certain": 0.5,
      "p_occurence": 0.5,
      "time_elapsed": 3602,
      "choice": "delayed",
      "timelineType": "run_A"
    },
    {
      "rt": 4563,
      "delOpt": "88.1",
      "delay": 182.5,
      "immOpt": "50.0",
      "odds": 0.24999999999999994,
      "p_certain": 0.5,
      "p_occurence": 0.8,
      "time_elapsed": 4564,
      "choice": "delayed",
      "timelineType": "run_A"
    },
    {
      "rt": 8571,
      "delOpt": "38.5",
      "delay": 1095,
      "immOpt": "10.0",
      "odds": 1,
      "p_certain": 0.5,
      "p_occurence": 0.5,
      "time_elapsed": 8572,
      "choice": "immediate",
      "timelineType": "run_A"
    },
    {
      "rt": 3739,
      "delOpt": "169.0",
      "delay": 30,
      "immOpt": "50.0",
      "odds": 1,
      "p_certain": 0.5,
      "p_occurence": 0.5,
      "time_elapsed": 3739,
      "choice": "delayed",
      "timelineType": "run_A"
    },
    {
      "rt": 2551,
      "delOpt": "178.7",
      "delay": 365,
      "immOpt": "50.0",
      "odds": 1,
      "p_certain": 0.5,
      "p_occurence": 0.5,
      "time_elapsed": 2553,
      "choice": "delayed",
      "timelineType": "run_A"
    },
    {
      "rt": 6253,
      "delOpt": "38.0",
      "delay": 1095,
      "immOpt": "10.0",
      "odds": 1,
      "p_certain": 0.5,
      "p_occurence": 0.5,
      "time_elapsed": 6255,
      "choice": "immediate",
      "timelineType": "run_A"
    },
    {
      "rt": 4002,
      "delOpt": "233.3",
      "delay": 1095,
      "immOpt": "20.0",
      "odds": 4,
      "p_certain": 0.5,
      "p_occurence": 0.2,
      "time_elapsed": 4004,
      "choice": "immediate",
      "timelineType": "run_A"
    },
    {
      "rt": 4381,
      "delOpt": "32.5",
      "delay": 30,
      "immOpt": "10.0",
      "odds": 1,
      "p_certain": 0.5,
      "p_occurence": 0.5,
      "time_elapsed": 4383,
      "choice": "immediate",
      "timelineType": "run_A"
    },
    {
      "rt": 2217,
      "delOpt": "70.7",
      "delay": 365,
      "immOpt": "20.0",
      "odds": 1,
      "p_certain": 0.5,
      "p_occurence": 0.5,
      "time_elapsed": 2218,
      "choice": "immediate",
      "timelineType": "run_A"
    },
    {
      "rt": 3744,
      "delOpt": "39.2",
      "delay": 1095,
      "immOpt": "10.0",
      "odds": 1,
      "p_certain": 0.5,
      "p_occurence": 0.5,
      "time_elapsed": 3746,
      "choice": "immediate",
      "timelineType": "run_A"
    },
    {
      "rt": 4697,
      "delOpt": "179.2",
      "delay": 365,
      "immOpt": "50.0",
      "odds": 1,
      "p_certain": 0.5,
      "p_occurence": 0.5,
      "time_elapsed": 4699,
      "choice": "immediate",
      "timelineType": "run_A"
    },
    {
      "rt": 1786,
      "delOpt": "224.8",
      "delay": 365,
      "immOpt": "20.0",
      "odds": 4,
      "p_certain": 0.5,
      "p_occurence": 0.2,
      "time_elapsed": 1787,
      "choice": "delayed",
      "timelineType": "run_A"
    },
    {
      "rt": 7864,
      "delOpt": "36.3",
      "delay": 365,
      "immOpt": "10.0",
      "odds": 1,
      "p_certain": 0.5,
      "p_occurence": 0.5,
      "time_elapsed": 7866,
      "choice": "immediate",
      "timelineType": "run_A"
    },
    {
      "rt": 5933,
      "delOpt": "72.9",
      "delay": 365,
      "immOpt": "20.0",
      "odds": 1,
      "p_certain": 0.5,
      "p_occurence": 0.5,
      "time_elapsed": 5935,
      "choice": "delayed",
      "timelineType": "run_A"
    },
    {
      "rt": 2246,
      "delOpt": "16.0",
      "delay": 30,
      "immOpt": "10.0",
      "odds": 0.24999999999999994,
      "p_certain": 0.5,
      "p_occurence": 0.8,
      "time_elapsed": 2248,
      "choice": "immediate",
      "timelineType": "run_A"
    },
    {
      "rt": 1662,
      "delOpt": "84.8",
      "delay": 182.5,
      "immOpt": "50.0",
      "odds": 0.24999999999999994,
      "p_certain": 0.5,
      "p_occurence": 0.8,
      "time_elapsed": 1664,
      "choice": "immediate",
      "timelineType": "run_A"
    },
    {
      "rt": 1871,
      "delOpt": "87.4",
      "delay": 182.5,
      "immOpt": "50.0",
      "odds": 0.24999999999999994,
      "p_certain": 0.5,
      "p_occurence": 0.8,
      "time_elapsed": 1873,
      "choice": "delayed",
      "timelineType": "run_A"
    },
    {
      "rt": 1221,
      "delOpt": "181.8",
      "delay": 365,
      "immOpt": "50.0",
      "odds": 1,
      "p_certain": 0.5,
      "p_occurence": 0.5,
      "time_elapsed": 1223,
      "choice": "delayed",
      "timelineType": "run_A"
    },
    {
      "rt": 1995,
      "delOpt": "240.4",
      "delay": 1095,
      "immOpt": "20.0",
      "odds": 4,
      "p_certain": 0.5,
      "p_occurence": 0.2,
      "time_elapsed": 1996,
      "choice": "immediate",
      "timelineType": "run_A"
    },
    {
      "rt": 1618,
      "delOpt": "164.3",
      "delay": 30,
      "immOpt": "50.0",
      "odds": 1,
      "p_certain": 0.5,
      "p_occurence": 0.5,
      "time_elapsed": 1620,
      "choice": "delayed",
      "timelineType": "run_A"
    },
    {
      "rt": 1738,
      "delOpt": "215.3",
      "delay": 365,
      "immOpt": "20.0",
      "odds": 4,
      "p_certain": 0.5,
      "p_occurence": 0.2,
      "time_elapsed": 1739,
      "choice": "immediate",
      "timelineType": "run_A"
    },
    {
      "rt": 3256,
      "delOpt": "161.8",
      "delay": 30,
      "immOpt": "50.0",
      "odds": 1,
      "p_certain": 0.5,
      "p_occurence": 0.5,
      "time_elapsed": 3258,
      "choice": "immediate",
      "timelineType": "run_A"
    },
    {
      "rt": 2748,
      "delOpt": "221.8",
      "delay": 365,
      "immOpt": "20.0",
      "odds": 4,
      "p_certain": 0.5,
      "p_occurence": 0.2,
      "time_elapsed": 2749,
      "choice": "immediate",
      "timelineType": "run_A"
    },
    {
      "rt": 2105,
      "delOpt": "166.5",
      "delay": 30,
      "immOpt": "50.0",
      "odds": 1,
      "p_certain": 0.5,
      "p_occurence": 0.5,
      "time_elapsed": 2107,
      "choice": "immediate",
      "timelineType": "run_A"
    },
    {
      "rt": 6206,
      "delOpt": "73.4",
      "delay": 365,
      "immOpt": "20.0",
      "odds": 1,
      "p_certain": 0.5,
      "p_occurence": 0.5,
      "time_elapsed": 6208,
      "choice": "delayed",
      "timelineType": "run_A"
    },
    {
      "rt": 5337,
      "delOpt": "36.4",
      "delay": 365,
      "immOpt": "10.0",
      "odds": 1,
      "p_certain": 0.5,
      "p_occurence": 0.5,
      "time_elapsed": 5339,
      "choice": "immediate",
      "timelineType": "run_A"
    },
    {
      "rt": 2911,
      "delOpt": "73.1",
      "delay": 365,
      "immOpt": "20.0",
      "odds": 1,
      "p_certain": 0.5,
      "p_occurence": 0.5,
      "time_elapsed": 2913,
      "choice": "delayed",
      "timelineType": "run_A"
    },
    {
      "rt": 3789,
      "delOpt": "34.3",
      "delay": 365,
      "immOpt": "20.0",
      "odds": 0.24999999999999994,
      "p_certain": 0.5,
      "p_occurence": 0.8,
      "time_elapsed": 3790,
      "choice": "immediate",
      "timelineType": "run_A"
    },
    {
      "rt": 4569,
      "delOpt": "16.1",
      "delay": 30,
      "immOpt": "10.0",
      "odds": 0.24999999999999994,
      "p_certain": 0.5,
      "p_occurence": 0.8,
      "time_elapsed": 4569,
      "choice": "immediate",
      "timelineType": "run_A"
    },
    {
      "rt": 3634,
      "delOpt": "169.0",
      "delay": 30,
      "immOpt": "50.0",
      "odds": 1,
      "p_certain": 0.5,
      "p_occurence": 0.5,
      "time_elapsed": 3636,
      "choice": "delayed",
      "timelineType": "run_A"
    },
    {
      "rt": 1705,
      "delOpt": "617.8",
      "delay": 1095,
      "immOpt": "50.0",
      "odds": 4,
      "p_certain": 0.5,
      "p_occurence": 0.2,
      "time_elapsed": 1706,
      "choice": "delayed",
      "timelineType": "run_A"
    },
    {
      "rt": 5101,
      "delOpt": "164.6",
      "delay": 30,
      "immOpt": "50.0",
      "odds": 1,
      "p_certain": 0.5,
      "p_occurence": 0.5,
      "time_elapsed": 5102,
      "choice": "immediate",
      "timelineType": "run_A"
    },
    {
      "rt": 2261,
      "delOpt": "598.9",
      "delay": 1095,
      "immOpt": "50.0",
      "odds": 4,
      "p_certain": 0.5,
      "p_occurence": 0.2,
      "time_elapsed": 2262,
      "choice": "delayed",
      "timelineType": "run_A"
    },
    {
      "rt": 4732,
      "delOpt": "33.4",
      "delay": 30,
      "immOpt": "10.0",
      "odds": 1,
      "p_certain": 0.5,
      "p_occurence": 0.5,
      "time_elapsed": 4734,
      "choice": "immediate",
      "timelineType": "run_A"
    },
    {
      "rt": 2894,
      "delOpt": "86.5",
      "delay": 182.5,
      "immOpt": "50.0",
      "odds": 0.24999999999999994,
      "p_certain": 0.5,
      "p_occurence": 0.8,
      "time_elapsed": 2897,
      "choice": "delayed",
      "timelineType": "run_A"
    },
    {
      "rt": 3285,
      "delOpt": "166.5",
      "delay": 30,
      "immOpt": "50.0",
      "odds": 1,
      "p_certain": 0.5,
      "p_occurence": 0.5,
      "time_elapsed": 3287,
      "choice": "delayed",
      "timelineType": "run_A"
    },
    {
      "rt": 3699,
      "delOpt": "189.5",
      "delay": 1095,
      "immOpt": "50.0",
      "odds": 1,
      "p_certain": 0.5,
      "p_occurence": 0.5,
      "time_elapsed": 3701,
      "choice": "immediate",
      "timelineType": "run_A"
    },
    {
      "rt": 3694,
      "delOpt": "94.6",
      "delay": 1095,
      "immOpt": "50.0",
      "odds": 0.24999999999999994,
      "p_certain": 0.5,
      "p_occurence": 0.8,
      "time_elapsed": 3695,
      "choice": "immediate",
      "timelineType": "run_A"
    },
    {
      "rt": 2316,
      "delOpt": "242.4",
      "delay": 1095,
      "immOpt": "20.0",
      "odds": 4,
      "p_certain": 0.5,
      "p_occurence": 0.2,
      "time_elapsed": 2318,
      "choice": "immediate",
      "timelineType": "run_A"
    },
    {
      "rt": 2073,
      "delOpt": "220.1",
      "delay": 365,
      "immOpt": "20.0",
      "odds": 4,
      "p_certain": 0.5,
      "p_occurence": 0.2,
      "time_elapsed": 2075,
      "choice": "immediate",
      "timelineType": "run_A"
    },
    {
      "rt": 5719,
      "delOpt": "72.5",
      "delay": 365,
      "immOpt": "20.0",
      "odds": 1,
      "p_certain": 0.5,
      "p_occurence": 0.5,
      "time_elapsed": 5720,
      "choice": "immediate",
      "timelineType": "run_A"
    },
    {
      "rt": 1862,
      "delOpt": "182.4",
      "delay": 365,
      "immOpt": "50.0",
      "odds": 1,
      "p_certain": 0.5,
      "p_occurence": 0.5,
      "time_elapsed": 1864,
      "choice": "delayed",
      "timelineType": "run_A"
    },
    {
      "rt": 5910,
      "delOpt": "32.7",
      "delay": 30,
      "immOpt": "10.0",
      "odds": 1,
      "p_certain": 0.5,
      "p_occurence": 0.5,
      "time_elapsed": 5910,
      "choice": "delayed",
      "timelineType": "run_A"
    },
    {
      "rt": 8116,
      "delOpt": "35.9",
      "delay": 365,
      "immOpt": "10.0",
      "odds": 1,
      "p_certain": 0.5,
      "p_occurence": 0.5,
      "time_elapsed": 8117,
      "choice": "immediate",
      "timelineType": "run_A"
    },
    {
      "rt": 1551,
      "delOpt": "35.0",
      "delay": 365,
      "immOpt": "20.0",
      "odds": 0.24999999999999994,
      "p_certain": 0.5,
      "p_occurence": 0.8,
      "time_elapsed": 1552,
      "choice": "immediate",
      "timelineType": "run_A"
    },
    {
      "rt": 2734,
      "delOpt": "72.5",
      "delay": 365,
      "immOpt": "20.0",
      "odds": 1,
      "p_certain": 0.5,
      "p_occurence": 0.5,
      "time_elapsed": 2736,
      "choice": "delayed",
      "timelineType": "run_A"
    },
    {
      "rt": 2784,
      "delOpt": "84.2",
      "delay": 182.5,
      "immOpt": "50.0",
      "odds": 0.24999999999999994,
      "p_certain": 0.5,
      "p_occurence": 0.8,
      "time_elapsed": 2785,
      "choice": "delayed",
      "timelineType": "run_A"
    },
    {
      "rt": 2475,
      "delOpt": "123.7",
      "delay": 1095,
      "immOpt": "10.0",
      "odds": 4,
      "p_certain": 0.5,
      "p_occurence": 0.2,
      "time_elapsed": 2475,
      "choice": "immediate",
      "timelineType": "run_A"
    },
    {
      "rt": 1766,
      "delOpt": "622.1",
      "delay": 1095,
      "immOpt": "50.0",
      "odds": 4,
      "p_certain": 0.5,
      "p_occurence": 0.2,
      "time_elapsed": 1768,
      "choice": "delayed",
      "timelineType": "run_A"
    },
    {
      "rt": 7538,
      "delOpt": "241.8",
      "delay": 1095,
      "immOpt": "20.0",
      "odds": 4,
      "p_certain": 0.5,
      "p_occurence": 0.2,
      "time_elapsed": 7540,
      "choice": "immediate",
      "timelineType": "run_A"
    },
    {
      "rt": 1983,
      "delOpt": "70.7",
      "delay": 365,
      "immOpt": "20.0",
      "odds": 1,
      "p_certain": 0.5,
      "p_occurence": 0.5,
      "time_elapsed": 1984,
      "choice": "delayed",
      "timelineType": "run_A"
    },
    {
      "rt": 1840,
      "delOpt": "32.3",
      "delay": 30,
      "immOpt": "10.0",
      "odds": 1,
      "p_certain": 0.5,
      "p_occurence": 0.5,
      "time_elapsed": 1842,
      "choice": "immediate",
      "timelineType": "run_A"
    },
    {
      "rt": 4462,
      "delOpt": "81.5",
      "delay": 182.5,
      "immOpt": "50.0",
      "odds": 0.24999999999999994,
      "p_certain": 0.5,
      "p_occurence": 0.8,
      "time_elapsed": 4464,
      "choice": "delayed",
      "timelineType": "run_A"
    },
    {
      "rt": 3605,
      "delOpt": "205.1",
      "delay": 182.5,
      "immOpt": "20.0",
      "odds": 4,
      "p_certain": 0.5,
      "p_occurence": 0.2,
      "time_elapsed": 3606,
      "choice": "delayed",
      "timelineType": "run_A"
    },
    {
      "rt": 6423,
      "delOpt": "172.7",
      "delay": 365,
      "immOpt": "50.0",
      "odds": 1,
      "p_certain": 0.5,
      "p_occurence": 0.5,
      "time_elapsed": 6425,
      "choice": "immediate",
      "timelineType": "run_A"
    },
    {
      "rt": 4183,
      "delOpt": "162.2",
      "delay": 30,
      "immOpt": "50.0",
      "odds": 1,
      "p_certain": 0.5,
      "p_occurence": 0.5,
      "time_elapsed": 4185,
      "choice": "immediate",
      "timelineType": "run_A"
    },
    {
      "rt": 4025,
      "delOpt": "15.8",
      "delay": 30,
      "immOpt": "10.0",
      "odds": 0.24999999999999994,
      "p_certain": 0.5,
      "p_occurence": 0.8,
      "time_elapsed": 4027,
      "choice": "delayed",
      "timelineType": "run_A"
    },
    {
      "rt": 3995,
      "delOpt": "80.3",
      "delay": 1095,
      "immOpt": "20.0",
      "odds": 1,
      "p_certain": 0.5,
      "p_occurence": 0.5,
      "time_elapsed": 3996,
      "choice": "delayed",
      "timelineType": "run_A"
    },
    {
      "rt": 5818,
      "delOpt": "84.1",
      "delay": 365,
      "immOpt": "50.0",
      "odds": 0.24999999999999994,
      "p_certain": 0.5,
      "p_occurence": 0.8,
      "time_elapsed": 5819,
      "choice": "delayed",
      "timelineType": "run_A"
    },
    {
      "rt": 3278,
      "delOpt": "243.4",
      "delay": 1095,
      "immOpt": "20.0",
      "odds": 4,
      "p_certain": 0.5,
      "p_occurence": 0.2,
      "time_elapsed": 3281,
      "choice": "immediate",
      "timelineType": "run_A"
    },
    {
      "rt": 2721,
      "delOpt": "78.8",
      "delay": 30,
      "immOpt": "50.0",
      "odds": 0.24999999999999994,
      "p_certain": 0.5,
      "p_occurence": 0.8,
      "time_elapsed": 2723,
      "choice": "immediate",
      "timelineType": "run_A"
    },
    {
      "rt": 5502,
      "delOpt": "68.1",
      "delay": 182.5,
      "immOpt": "20.0",
      "odds": 1,
      "p_certain": 0.5,
      "p_occurence": 0.5,
      "time_elapsed": 5504,
      "choice": "delayed",
      "timelineType": "run_A"
    },
    {
      "rt": 6843,
      "delOpt": "67.8",
      "delay": 182.5,
      "immOpt": "20.0",
      "odds": 1,
      "p_certain": 0.5,
      "p_occurence": 0.5,
      "time_elapsed": 6845,
      "choice": "delayed",
      "timelineType": "run_A"
    },
    {
      "rt": 3114,
      "delOpt": "215.4",
      "delay": 365,
      "immOpt": "20.0",
      "odds": 4,
      "p_certain": 0.5,
      "p_occurence": 0.2,
      "time_elapsed": 3115,
      "choice": "immediate",
      "timelineType": "run_A"
    },
    {
      "rt": 2066,
      "delOpt": "35.1",
      "delay": 365,
      "immOpt": "10.0",
      "odds": 1,
      "p_certain": 0.5,
      "p_occurence": 0.5,
      "time_elapsed": 2067,
      "choice": "immediate",
      "timelineType": "run_A"
    },
    {
      "rt": 2737,
      "delOpt": "70.4",
      "delay": 365,
      "immOpt": "20.0",
      "odds": 1,
      "p_certain": 0.5,
      "p_occurence": 0.5,
      "time_elapsed": 2739,
      "choice": "delayed",
      "timelineType": "run_A"
    },
    {
      "rt": 7562,
      "delOpt": "199.1",
      "delay": 1095,
      "immOpt": "50.0",
      "odds": 1,
      "p_certain": 0.5,
      "p_occurence": 0.5,
      "time_elapsed": 7564,
      "choice": "immediate",
      "timelineType": "run_A"
    },
    {
      "rt": 2148,
      "delOpt": "33.9",
      "delay": 365,
      "immOpt": "20.0",
      "odds": 0.24999999999999994,
      "p_certain": 0.5,
      "p_occurence": 0.8,
      "time_elapsed": 2149,
      "choice": "delayed",
      "timelineType": "run_A"
    },
    {
      "rt": 2838,
      "delOpt": "176.3",
      "delay": 365,
      "immOpt": "50.0",
      "odds": 1,
      "p_certain": 0.5,
      "p_occurence": 0.5,
      "time_elapsed": 2840,
      "choice": "immediate",
      "timelineType": "run_A"
    },
    {
      "rt": 2925,
      "delOpt": "165.7",
      "delay": 30,
      "immOpt": "50.0",
      "odds": 1,
      "p_certain": 0.5,
      "p_occurence": 0.5,
      "time_elapsed": 2926,
      "choice": "immediate",
      "timelineType": "run_A"
    },
    {
      "rt": 6193,
      "delOpt": "252.5",
      "delay": 1095,
      "immOpt": "20.0",
      "odds": 4,
      "p_certain": 0.5,
      "p_occurence": 0.2,
      "time_elapsed": 6195,
      "choice": "immediate",
      "timelineType": "run_A"
    },
    {
      "rt": 4684,
      "delOpt": "33.6",
      "delay": 30,
      "immOpt": "10.0",
      "odds": 1,
      "p_certain": 0.5,
      "p_occurence": 0.5,
      "time_elapsed": 4685,
      "choice": "immediate",
      "timelineType": "run_A"
    },
    {
      "rt": 5749,
      "delOpt": "82.3",
      "delay": 182.5,
      "immOpt": "50.0",
      "odds": 0.24999999999999994,
      "p_certain": 0.5,
      "p_occurence": 0.8,
      "time_elapsed": 5750,
      "choice": "delayed",
      "timelineType": "run_A"
    },
    {
      "rt": 2438,
      "delOpt": "32.9",
      "delay": 182.5,
      "immOpt": "20.0",
      "odds": 0.24999999999999994,
      "p_certain": 0.5,
      "p_occurence": 0.8,
      "time_elapsed": 2440,
      "choice": "immediate",
      "timelineType": "run_A"
    },
    {
      "rt": 4640,
      "delOpt": "82.2",
      "delay": 182.5,
      "immOpt": "50.0",
      "odds": 0.24999999999999994,
      "p_certain": 0.5,
      "p_occurence": 0.8,
      "time_elapsed": 4641,
      "choice": "delayed",
      "timelineType": "run_A"
    },
    {
      "rt": 3164,
      "delOpt": "40.8",
      "delay": 1095,
      "immOpt": "10.0",
      "odds": 1,
      "p_certain": 0.5,
      "p_occurence": 0.5,
      "time_elapsed": 3166,
      "choice": "immediate",
      "timelineType": "run_A"
    },
    {
      "rt": 2355,
      "delOpt": "32.8",
      "delay": 182.5,
      "immOpt": "20.0",
      "odds": 0.24999999999999994,
      "p_certain": 0.5,
      "p_occurence": 0.8,
      "time_elapsed": 2356,
      "choice": "delayed",
      "timelineType": "run_A"
    },
    {
      "rt": 3311,
      "delOpt": "172.4",
      "delay": 182.5,
      "immOpt": "50.0",
      "odds": 1,
      "p_certain": 0.5,
      "p_occurence": 0.5,
      "time_elapsed": 3312,
      "choice": "immediate",
      "timelineType": "run_A"
    },
    {
      "rt": 5789,
      "delOpt": "83.0",
      "delay": 365,
      "immOpt": "50.0",
      "odds": 0.24999999999999994,
      "p_certain": 0.5,
      "p_occurence": 0.8,
      "time_elapsed": 5791,
      "choice": "immediate",
      "timelineType": "run_A"
    },
    {
      "rt": 3524,
      "delOpt": "34.5",
      "delay": 30,
      "immOpt": "10.0",
      "odds": 1,
      "p_certain": 0.5,
      "p_occurence": 0.5,
      "time_elapsed": 3526,
      "choice": "delayed",
      "timelineType": "run_A"
    },
    {
      "rt": 1765,
      "delOpt": "168.5",
      "delay": 30,
      "immOpt": "50.0",
      "odds": 1,
      "p_certain": 0.5,
      "p_occurence": 0.5,
      "time_elapsed": 1766,
      "choice": "delayed",
      "timelineType": "run_A"
    },
    {
      "rt": 2119,
      "delOpt": "71.6",
      "delay": 365,
      "immOpt": "20.0",
      "odds": 1,
      "p_certain": 0.5,
      "p_occurence": 0.5,
      "time_elapsed": 2121,
      "choice": "delayed",
      "timelineType": "run_A"
    },
    {
      "rt": 4158,
      "delOpt": "15.9",
      "delay": 30,
      "immOpt": "10.0",
      "odds": 0.24999999999999994,
      "p_certain": 0.5,
      "p_occurence": 0.8,
      "time_elapsed": 4159,
      "choice": "immediate",
      "timelineType": "run_A"
    },
    {
      "rt": 4530,
      "delOpt": "205.9",
      "delay": 1095,
      "immOpt": "50.0",
      "odds": 1,
      "p_certain": 0.5,
      "p_occurence": 0.5,
      "time_elapsed": 4532,
      "choice": "delayed",
      "timelineType": "run_A"
    },
    {
      "rt": 4900,
      "delOpt": "220.1",
      "delay": 365,
      "immOpt": "20.0",
      "odds": 4,
      "p_certain": 0.5,
      "p_occurence": 0.2,
      "time_elapsed": 4901,
      "choice": "immediate",
      "timelineType": "run_A"
    },
    {
      "rt": 2934,
      "delOpt": "71.4",
      "delay": 365,
      "immOpt": "20.0",
      "odds": 1,
      "p_certain": 0.5,
      "p_occurence": 0.5,
      "time_elapsed": 2936,
      "choice": "delayed",
      "timelineType": "run_A"
    },
    {
      "rt": 2412,
      "delOpt": "96.6",
      "delay": 1095,
      "immOpt": "50.0",
      "odds": 0.24999999999999994,
      "p_certain": 0.5,
      "p_occurence": 0.8,
      "time_elapsed": 2413,
      "choice": "delayed",
      "timelineType": "run_A"
    },
    {
      "rt": 2052,
      "delOpt": "94.8",
      "delay": 1095,
      "immOpt": "50.0",
      "odds": 0.24999999999999994,
      "p_certain": 0.5,
      "p_occurence": 0.8,
      "time_elapsed": 2054,
      "choice": "delayed",
      "timelineType": "run_A"
    },
    {
      "rt": 2206,
      "delOpt": "69.0",
      "delay": 182.5,
      "immOpt": "20.0",
      "odds": 1,
      "p_certain": 0.5,
      "p_occurence": 0.5,
      "time_elapsed": 2208,
      "choice": "immediate",
      "timelineType": "run_A"
    },
    {
      "rt": 5208,
      "delOpt": "121.7",
      "delay": 1095,
      "immOpt": "10.0",
      "odds": 4,
      "p_certain": 0.5,
      "p_occurence": 0.2,
      "time_elapsed": 5209,
      "choice": "immediate",
      "timelineType": "run_A"
    },
    {
      "rt": 1450,
      "delOpt": "215.7",
      "delay": 182.5,
      "immOpt": "20.0",
      "odds": 4,
      "p_certain": 0.5,
      "p_occurence": 0.2,
      "time_elapsed": 1452,
      "choice": "immediate",
      "timelineType": "run_A"
    },
    {
      "rt": 3218,
      "delOpt": "16.4",
      "delay": 182.5,
      "immOpt": "10.0",
      "odds": 0.24999999999999994,
      "p_certain": 0.5,
      "p_occurence": 0.8,
      "time_elapsed": 3219,
      "choice": "immediate",
      "timelineType": "run_A"
    },
    {
      "rt": 3916,
      "delOpt": "35.8",
      "delay": 365,
      "immOpt": "10.0",
      "odds": 1,
      "p_certain": 0.5,
      "p_occurence": 0.5,
      "time_elapsed": 3917,
      "choice": "delayed",
      "timelineType": "run_A"
    },
    {
      "rt": 2911,
      "delOpt": "245.7",
      "delay": 1095,
      "immOpt": "20.0",
      "odds": 4,
      "p_certain": 0.5,
      "p_occurence": 0.2,
      "time_elapsed": 2913,
      "choice": "immediate",
      "timelineType": "run_A"
    },
    {
      "rt": 2052,
      "delOpt": "35.8",
      "delay": 365,
      "immOpt": "10.0",
      "odds": 1,
      "p_certain": 0.5,
      "p_occurence": 0.5,
      "time_elapsed": 2053,
      "choice": "immediate",
      "timelineType": "run_A"
    },
    {
      "rt": 2531,
      "delOpt": "72.4",
      "delay": 365,
      "immOpt": "20.0",
      "odds": 1,
      "p_certain": 0.5,
      "p_occurence": 0.5,
      "time_elapsed": 2533,
      "choice": "delayed",
      "timelineType": "run_A"
    },
    {
      "rt": 3889,
      "delOpt": "33.8",
      "delay": 365,
      "immOpt": "20.0",
      "odds": 0.24999999999999994,
      "p_certain": 0.5,
      "p_occurence": 0.8,
      "time_elapsed": 3891,
      "choice": "delayed",
      "timelineType": "run_A"
    },
    {
      "rt": 1352,
      "delOpt": "197.9",
      "delay": 1095,
      "immOpt": "50.0",
      "odds": 1,
      "p_certain": 0.5,
      "p_occurence": 0.5,
      "time_elapsed": 1353,
      "choice": "delayed",
      "timelineType": "run_A"
    },
    {
      "rt": 1736,
      "delOpt": "35.8",
      "delay": 182.5,
      "immOpt": "10.0",
      "odds": 1,
      "p_certain": 0.5,
      "p_occurence": 0.5,
      "time_elapsed": 1738,
      "choice": "delayed",
      "timelineType": "run_A"
    },
    {
      "rt": 1588,
      "delOpt": "113.9",
      "delay": 182.5,
      "immOpt": "10.0",
      "odds": 4,
      "p_certain": 0.5,
      "p_occurence": 0.2,
      "time_elapsed": 1590,
      "choice": "delayed",
      "timelineType": "run_A"
    },
    {
      "rt": 1372,
      "delOpt": "121.1",
      "delay": 1095,
      "immOpt": "10.0",
      "odds": 4,
      "p_certain": 0.5,
      "p_occurence": 0.2,
      "time_elapsed": 1373,
      "choice": "immediate",
      "timelineType": "run_A"
    },
    {
      "rt": 5583,
      "delOpt": "225.8",
      "delay": 182.5,
      "immOpt": "20.0",
      "odds": 4,
      "p_certain": 0.5,
      "p_occurence": 0.2,
      "time_elapsed": 5585,
      "choice": "delayed",
      "timelineType": "run_A"
    },
    {
      "rt": 1662,
      "delOpt": "70.8",
      "delay": 365,
      "immOpt": "20.0",
      "odds": 1,
      "p_certain": 0.5,
      "p_occurence": 0.5,
      "time_elapsed": 1664,
      "choice": "immediate",
      "timelineType": "run_A"
    }
  ],
  "run_B": [
    {
      "delOpt": 30.1,
      "delay": 30,
      "immOpt": 30,
      "odds": 0,
      "p_certain": 0.8,
      "p_occurence": 0
    },
    {
      "delOpt": 251.4606919295,
      "delay": 0,
      "immOpt": 30,
      "odds": 4,
      "p_certain": 0.65,
      "p_occurence": 0.2
    },
    {
      "delOpt": 36.9410697908,
      "delay": 182.5,
      "immOpt": 30,
      "odds": 0,
      "p_certain": 0.35,
      "p_occurence": 0
    },
    {
      "delOpt": 16.8308314947,
      "delay": 365,
      "immOpt": 10,
      "odds": 0,
      "p_certain": 0.35,
      "p_occurence": 0
    },
    {
      "delOpt": 15.818575655,
      "delay": 365,
      "immOpt": 15,
      "odds": 0,
      "p_certain": 0.5,
      "p_occurence": 0
    },
    {
      "delOpt": 54.0067497121,
      "delay": 0,
      "immOpt": 15,
      "odds": 0.6666666667,
      "p_certain": 0.35,
      "p_occurence": 0.6
    },
    {
      "delOpt": 16.0314594376,
      "delay": 30,
      "immOpt": 10,
      "odds": 0,
      "p_certain": 0.35,
      "p_occurence": 0
    },
    {
      "delOpt": 20.1,
      "delay": 365,
      "immOpt": 20,
      "odds": 0,
      "p_certain": 0.65,
      "p_occurence": 0
    },
    {
      "delOpt": 16.3953526875,
      "delay": 182.5,
      "immOpt": 10,
      "odds": 0,
      "p_certain": 0.35,
      "p_occurence": 0
    },
    {
      "delOpt": 20.5457171034,
      "delay": 182.5,
      "immOpt": 20,
      "odds": 0,
      "p_certain": 0.5,
      "p_occurence": 0
    },
    {
      "delOpt": 118.4235849714,
      "delay": 0,
      "immOpt": 40,
      "odds": 0.6666666667,
      "p_certain": 0.35,
      "p_occurence": 0.6
    },
    {
      "delOpt": 31.6371513101,
      "delay": 365,
      "immOpt": 30,
      "odds": 0,
      "p_certain": 0.5,
      "p_occurence": 0
    },
    {
      "delOpt": 20.1,
      "delay": 30,
      "immOpt": 20,
      "odds": 0,
      "p_certain": 0.8,
      "p_occurence": 0
    },
    {
      "delOpt": 35.1665017006,
      "delay": 365,
      "immOpt": 20,
      "odds": 0,
      "p_certain": 0.2,
      "p_occurence": 0
    },
    {
      "delOpt": 32.9875005297,
      "delay": 1095,
      "immOpt": 15,
      "odds": 0,
      "p_certain": 0.2,
      "p_occurence": 0
    },
    {
      "delOpt": 24.3913223785,
      "delay": 1095,
      "immOpt": 15,
      "odds": 0,
      "p_certain": 0.35,
      "p_occurence": 0
    },
    {
      "delOpt": 10.1,
      "delay": 365,
      "immOpt": 10,
      "odds": 0,
      "p_certain": 0.65,
      "p_occurence": 0
    },
    {
      "delOpt": 53.4842006537,
      "delay": 1095,
      "immOpt": 40,
      "odds": 0,
      "p_certain": 0.35,
      "p_occurence": 0
    },
    {
      "delOpt": 50.1,
      "delay": 365,
      "immOpt": 50,
      "odds": 0,
      "p_certain": 0.8,
      "p_occurence": 0
    },
    {
      "delOpt": 73.717530115,
      "delay": 1095,
      "immOpt": 50,
      "odds": 0,
      "p_certain": 0.2,
      "p_occurence": 0
    },
    {
      "delOpt": 15.1,
      "delay": 182.5,
      "immOpt": 15,
      "odds": 0,
      "p_certain": 0.65,
      "p_occurence": 0
    },
    {
      "delOpt": 181.9006069336,
      "delay": 0,
      "immOpt": 40,
      "odds": 1.5,
      "p_certain": 0.5,
      "p_occurence": 0.4
    },
    {
      "delOpt": 65.1213519638,
      "delay": 1095,
      "immOpt": 50,
      "odds": 0,
      "p_certain": 0.35,
      "p_occurence": 0
    },
    {
      "delOpt": 52.7285855168,
      "delay": 365,
      "immOpt": 50,
      "odds": 0,
      "p_certain": 0.5,
      "p_occurence": 0
    },
    {
      "delOpt": 15.1,
      "delay": 365,
      "immOpt": 15,
      "odds": 0,
      "p_certain": 0.8,
      "p_occurence": 0
    },
    {
      "delOpt": 48.4679828048,
      "delay": 365,
      "immOpt": 40,
      "odds": 0,
      "p_certain": 0.35,
      "p_occurence": 0
    },
    {
      "delOpt": 45.712218804,
      "delay": 365,
      "immOpt": 30,
      "odds": 0,
      "p_certain": 0.2,
      "p_occurence": 0
    },
    {
      "delOpt": 15.1,
      "delay": 1095,
      "immOpt": 15,
      "odds": 0,
      "p_certain": 0.8,
      "p_occurence": 0
    },
    {
      "delOpt": 40.1,
      "delay": 1095,
      "immOpt": 40,
      "odds": 0,
      "p_certain": 0.8,
      "p_occurence": 0
    },
    {
      "delOpt": 50.1,
      "delay": 30,
      "immOpt": 50,
      "odds": 0,
      "p_certain": 0.8,
      "p_occurence": 0
    },
    {
      "delOpt": 209.2008092448,
      "delay": 0,
      "immOpt": 20,
      "odds": 4,
      "p_certain": 0.5,
      "p_occurence": 0.2
    },
    {
      "delOpt": 49.9046541074,
      "delay": 1095,
      "immOpt": 48.8437831616,
      "odds": 0,
      "p_certain": 0.65,
      "p_occurence": 0
    },
    {
      "delOpt": 25.7667341037,
      "delay": 0,
      "immOpt": 10,
      "odds": 0.6666666667,
      "p_certain": 0.5,
      "p_occurence": 0.6
    },
    {
      "delOpt": 104.6004046224,
      "delay": 0,
      "immOpt": 10,
      "odds": 4,
      "p_certain": 0.5,
      "p_occurence": 0.2
    },
    {
      "delOpt": 288.0701451814,
      "delay": 0,
      "immOpt": 50,
      "odds": 1.5,
      "p_certain": 0.2,
      "p_occurence": 0.4
    },
    {
      "delOpt": 136.4254552002,
      "delay": 0,
      "immOpt": 30,
      "odds": 1.5,
      "p_certain": 0.5,
      "p_occurence": 0.4
    },
    {
      "delOpt": 44.3615823898,
      "delay": 0,
      "immOpt": 30.5633249188,
      "odds": 0.6666666667,
      "p_certain": 0.8,
      "p_occurence": 0.6
    },
    {
      "delOpt": 50.1,
      "delay": 365,
      "immOpt": 50,
      "odds": 0,
      "p_certain": 0.65,
      "p_occurence": 0
    },
    {
      "delOpt": 33.3524523172,
      "delay": 0,
      "immOpt": 15,
      "odds": 0.25,
      "p_certain": 0.35,
      "p_occurence": 0.8
    },
    {
      "delOpt": 87.7102878584,
      "delay": 0,
      "immOpt": 40,
      "odds": 0.6666666667,
      "p_certain": 0.65,
      "p_occurence": 0.6
    },
    {
      "delOpt": 174.194040593,
      "delay": 0,
      "immOpt": 30,
      "odds": 4,
      "p_certain": 0.8,
      "p_occurence": 0.2
    },
    {
      "delOpt": 36.1211663587,
      "delay": 30,
      "immOpt": 30,
      "odds": 0,
      "p_certain": 0.35,
      "p_occurence": 0
    },
    {
      "delOpt": 156.9006069336,
      "delay": 0,
      "immOpt": 15,
      "odds": 4,
      "p_certain": 0.5,
      "p_occurence": 0.2
    },
    {
      "delOpt": 30.1,
      "delay": 365,
      "immOpt": 30,
      "odds": 0,
      "p_certain": 0.65,
      "p_occurence": 0
    },
    {
      "delOpt": 22.1036900464,
      "delay": 365,
      "immOpt": 15,
      "odds": 0,
      "p_certain": 0.35,
      "p_occurence": 0
    },
    {
      "delOpt": 41.0914342067,
      "delay": 182.5,
      "immOpt": 40,
      "odds": 0,
      "p_certain": 0.5,
      "p_occurence": 0
    },
    {
      "delOpt": 38.6501011556,
      "delay": 0,
      "immOpt": 15,
      "odds": 0.6666666667,
      "p_certain": 0.5,
      "p_occurence": 0.6
    },
    {
      "delOpt": 166.6813721526,
      "delay": 0,
      "immOpt": 50,
      "odds": 1.5,
      "p_certain": 0.8,
      "p_occurence": 0.4
    },
    {
      "delOpt": 45.2125922501,
      "delay": 1095,
      "immOpt": 44.8118154297,
      "odds": 0,
      "p_certain": 0.65,
      "p_occurence": 0
    },
    {
      "delOpt": 146.8602873071,
      "delay": 0,
      "immOpt": 20,
      "odds": 4,
      "p_certain": 0.65,
      "p_occurence": 0.2
    },
    {
      "delOpt": 113.4770219621,
      "delay": 0,
      "immOpt": 50,
      "odds": 0.6666666667,
      "p_certain": 0.65,
      "p_occurence": 0.6
    },
    {
      "delOpt": 50.22408918,
      "delay": 0,
      "immOpt": 44.9093283543,
      "odds": 0.25,
      "p_certain": 0.8,
      "p_occurence": 0.8
    },
    {
      "delOpt": 56.2579359073,
      "delay": 365,
      "immOpt": 40,
      "odds": 0,
      "p_certain": 0.2,
      "p_occurence": 0
    },
    {
      "delOpt": 31.8250505778,
      "delay": 0,
      "immOpt": 20,
      "odds": 0.25,
      "p_certain": 0.5,
      "p_occurence": 0.8
    },
    {
      "delOpt": 23.4514325521,
      "delay": 30,
      "immOpt": 10,
      "odds": 0,
      "p_certain": 0.2,
      "p_occurence": 0
    },
    {
      "delOpt": 45.1067810679,
      "delay": 0,
      "immOpt": 15,
      "odds": 0.25,
      "p_certain": 0.2,
      "p_occurence": 0.8
    },
    {
      "delOpt": 23.2586272887,
      "delay": 0,
      "immOpt": 20.5764271089,
      "odds": 0.25,
      "p_certain": 0.65,
      "p_occurence": 0.8
    },
    {
      "delOpt": 62.0803788049,
      "delay": 1095,
      "immOpt": 40,
      "odds": 0,
      "p_certain": 0.2,
      "p_occurence": 0
    },
    {
      "delOpt": 38.2539114828,
      "delay": 0,
      "immOpt": 30,
      "odds": 0.25,
      "p_certain": 0.65,
      "p_occurence": 0.8
    },
    {
      "delOpt": 37.1505184234,
      "delay": 0,
      "immOpt": 10,
      "odds": 0.25,
      "p_certain": 0.2,
      "p_occurence": 0.8
    },
    {
      "delOpt": 40.1,
      "delay": 365,
      "immOpt": 40,
      "odds": 0,
      "p_certain": 0.65,
      "p_occurence": 0
    },
    {
      "delOpt": 20.1,
      "delay": 182.5,
      "immOpt": 20,
      "odds": 0,
      "p_certain": 0.8,
      "p_occurence": 0
    },
    {
      "delOpt": 10.1,
      "delay": 1095,
      "immOpt": 10,
      "odds": 0,
      "p_certain": 0.8,
      "p_occurence": 0
    },
    {
      "delOpt": 30.818575655,
      "delay": 182.5,
      "immOpt": 30,
      "odds": 0,
      "p_certain": 0.5,
      "p_occurence": 0
    },
    {
      "delOpt": 36.1768196509,
      "delay": 0,
      "immOpt": 20,
      "odds": 0.6666666667,
      "p_certain": 0.65,
      "p_occurence": 0.6
    },
    {
      "delOpt": 151.6446899812,
      "delay": 0,
      "immOpt": 20,
      "odds": 1.5,
      "p_certain": 0.2,
      "p_occurence": 0.4
    },
    {
      "delOpt": 296.5077802078,
      "delay": 0,
      "immOpt": 15,
      "odds": 4,
      "p_certain": 0.2,
      "p_occurence": 0.2
    },
    {
      "delOpt": 42.9100780501,
      "delay": 0,
      "immOpt": 30,
      "odds": 0.6666666667,
      "p_certain": 0.8,
      "p_occurence": 0.6
    },
    {
      "delOpt": 460.6615011743,
      "delay": 0,
      "immOpt": 50,
      "odds": 4,
      "p_certain": 0.65,
      "p_occurence": 0.2
    },
    {
      "delOpt": 30.1345603817,
      "delay": 30,
      "immOpt": 30,
      "odds": 0,
      "p_certain": 0.5,
      "p_occurence": 0
    },
    {
      "delOpt": 69.5936359706,
      "delay": 0,
      "immOpt": 20,
      "odds": 4,
      "p_certain": 0.8,
      "p_occurence": 0.2
    },
    {
      "delOpt": 453.4083871413,
      "delay": 0,
      "immOpt": 30,
      "odds": 4,
      "p_certain": 0.2,
      "p_occurence": 0.2
    },
    {
      "delOpt": 10.1,
      "delay": 30,
      "immOpt": 10,
      "odds": 0,
      "p_certain": 0.8,
      "p_occurence": 0
    },
    {
      "delOpt": 66.8036530107,
      "delay": 365,
      "immOpt": 50,
      "odds": 0,
      "p_certain": 0.2,
      "p_occurence": 0
    },
    {
      "delOpt": 20.1,
      "delay": 365,
      "immOpt": 20,
      "odds": 0,
      "p_certain": 0.8,
      "p_occurence": 0
    },
    {
      "delOpt": 197.1198417146,
      "delay": 0,
      "immOpt": 30,
      "odds": 1.5,
      "p_certain": 0.2,
      "p_occurence": 0.4
    },
    {
      "delOpt": 10.1,
      "delay": 30,
      "immOpt": 10,
      "odds": 0,
      "p_certain": 0.65,
      "p_occurence": 0
    },
    {
      "delOpt": 77.3002023112,
      "delay": 0,
      "immOpt": 30,
      "odds": 0.6666666667,
      "p_certain": 0.5,
      "p_occurence": 0.6
    },
    {
      "delOpt": 27.1689248747,
      "delay": 1095,
      "immOpt": 10,
      "odds": 0,
      "p_certain": 0.2,
      "p_occurence": 0
    },
    {
      "delOpt": 91.7790075634,
      "delay": 0,
      "immOpt": 48.9658997204,
      "odds": 0.6666666667,
      "p_certain": 0.8,
      "p_occurence": 0.6
    },
    {
      "delOpt": 65.0751837346,
      "delay": 182.5,
      "immOpt": 50,
      "odds": 0,
      "p_certain": 0.2,
      "p_occurence": 0
    },
    {
      "delOpt": 50.1,
      "delay": 1095,
      "immOpt": 50,
      "odds": 0,
      "p_certain": 0.8,
      "p_occurence": 0
    },
    {
      "delOpt": 47.2139283425,
      "delay": 182.5,
      "immOpt": 40,
      "odds": 0,
      "p_certain": 0.35,
      "p_occurence": 0
    },
    {
      "delOpt": 54.8023251829,
      "delay": 182.5,
      "immOpt": 40,
      "odds": 0,
      "p_certain": 0.2,
      "p_occurence": 0
    },
    {
      "delOpt": 57.2212402506,
      "delay": 0,
      "immOpt": 30,
      "odds": 0.25,
      "p_certain": 0.35,
      "p_occurence": 0.8
    },
    {
      "delOpt": 23.8687879333,
      "delay": 0,
      "immOpt": 15,
      "odds": 0.25,
      "p_certain": 0.5,
      "p_occurence": 0.8
    },
    {
      "delOpt": 28.4738592824,
      "delay": 30,
      "immOpt": 15,
      "odds": 0,
      "p_certain": 0.2,
      "p_occurence": 0
    },
    {
      "delOpt": 227.375758667,
      "delay": 0,
      "immOpt": 50,
      "odds": 1.5,
      "p_certain": 0.5,
      "p_occurence": 0.4
    },
    {
      "delOpt": 60.1568583649,
      "delay": 0,
      "immOpt": 10,
      "odds": 0.6666666667,
      "p_certain": 0.2,
      "p_occurence": 0.6
    },
    {
      "delOpt": 313.8012138672,
      "delay": 0,
      "immOpt": 30,
      "odds": 4,
      "p_certain": 0.5,
      "p_occurence": 0.2
    },
    {
      "delOpt": 89.0462908284,
      "delay": 0,
      "immOpt": 50,
      "odds": 0.25,
      "p_certain": 0.35,
      "p_occurence": 0.8
    },
    {
      "delOpt": 118.0529203686,
      "delay": 0,
      "immOpt": 20,
      "odds": 1.5,
      "p_certain": 0.35,
      "p_occurence": 0.4
    },
    {
      "delOpt": 662.6091963861,
      "delay": 0,
      "immOpt": 50,
      "odds": 4,
      "p_certain": 0.2,
      "p_occurence": 0.2
    },
    {
      "delOpt": 50.2242673028,
      "delay": 30,
      "immOpt": 50,
      "odds": 0,
      "p_certain": 0.5,
      "p_occurence": 0
    },
    {
      "delOpt": 40.1,
      "delay": 365,
      "immOpt": 40,
      "odds": 0,
      "p_certain": 0.8,
      "p_occurence": 0
    },
    {
      "delOpt": 18.5727467235,
      "delay": 1095,
      "immOpt": 10,
      "odds": 0,
      "p_certain": 0.35,
      "p_occurence": 0
    },
    {
      "delOpt": 17.4557269651,
      "delay": 1095,
      "immOpt": 15,
      "odds": 0,
      "p_certain": 0.5,
      "p_occurence": 0
    },
    {
      "delOpt": 34.2566080796,
      "delay": 182.5,
      "immOpt": 20,
      "odds": 0,
      "p_certain": 0.2,
      "p_occurence": 0
    },
    {
      "delOpt": 58.32463331,
      "delay": 0,
      "immOpt": 50,
      "odds": 0.25,
      "p_certain": 0.8,
      "p_occurence": 0.8
    },
    {
      "delOpt": 30.1,
      "delay": 182.5,
      "immOpt": 30,
      "odds": 0,
      "p_certain": 0.65,
      "p_occurence": 0
    },
    {
      "delOpt": 10.1,
      "delay": 182.5,
      "immOpt": 10,
      "odds": 0,
      "p_certain": 0.8,
      "p_occurence": 0
    },
    {
      "delOpt": 33.4962860127,
      "delay": 30,
      "immOpt": 20,
      "odds": 0,
      "p_certain": 0.2,
      "p_occurence": 0
    },
    {
      "delOpt": 30.2098980335,
      "delay": 1095,
      "immOpt": 20,
      "odds": 0,
      "p_certain": 0.35,
      "p_occurence": 0
    },
    {
      "delOpt": 137.4570606761,
      "delay": 0,
      "immOpt": 40,
      "odds": 0.6666666667,
      "p_certain": 0.2,
      "p_occurence": 0.6
    },
    {
      "delOpt": 244.2075778966,
      "delay": 0,
      "immOpt": 10,
      "odds": 4,
      "p_certain": 0.2,
      "p_occurence": 0.2
    },
    {
      "delOpt": 109.3228382984,
      "delay": 0,
      "immOpt": 30,
      "odds": 1.5,
      "p_certain": 0.65,
      "p_occurence": 0.4
    },
    {
      "delOpt": 163.2237947798,
      "delay": 0,
      "immOpt": 50,
      "odds": 0.6666666667,
      "p_certain": 0.2,
      "p_occurence": 0.6
    },
    {
      "delOpt": 383.3948498378,
      "delay": 0,
      "immOpt": 50,
      "odds": 4,
      "p_certain": 0.8,
      "p_occurence": 0.2
    },
    {
      "delOpt": 242.594993448,
      "delay": 0,
      "immOpt": 40,
      "odds": 1.5,
      "p_certain": 0.2,
      "p_occurence": 0.4
    },
    {
      "delOpt": 376.1417358048,
      "delay": 0,
      "immOpt": 30,
      "odds": 4,
      "p_certain": 0.35,
      "p_occurence": 0.2
    },
    {
      "delOpt": 22.3413861939,
      "delay": 0,
      "immOpt": 20,
      "odds": 0.25,
      "p_certain": 0.65,
      "p_occurence": 0.8
    },
    {
      "delOpt": 57.4867868942,
      "delay": 182.5,
      "immOpt": 50,
      "odds": 0,
      "p_certain": 0.35,
      "p_occurence": 0
    },
    {
      "delOpt": 20.1,
      "delay": 182.5,
      "immOpt": 20,
      "odds": 0,
      "p_certain": 0.65,
      "p_occurence": 0
    },
    {
      "delOpt": 558.0087917637,
      "delay": 0,
      "immOpt": 40,
      "odds": 4,
      "p_certain": 0.2,
      "p_occurence": 0.2
    },
    {
      "delOpt": 128.8336705187,
      "delay": 0,
      "immOpt": 50,
      "odds": 0.6666666667,
      "p_certain": 0.5,
      "p_occurence": 0.6
    },
    {
      "delOpt": 32.2152917217,
      "delay": 30,
      "immOpt": 32.0714402139,
      "odds": 0,
      "p_certain": 0.5,
      "p_occurence": 0
    },
    {
      "delOpt": 17.2934336594,
      "delay": 0,
      "immOpt": 15,
      "odds": 4,
      "p_certain": 0.8,
      "p_occurence": 0.2
    },
    {
      "delOpt": 30.1,
      "delay": 1095,
      "immOpt": 30,
      "odds": 0,
      "p_certain": 0.8,
      "p_occurence": 0
    },
    {
      "delOpt": 219.2411288713,
      "delay": 0,
      "immOpt": 15,
      "odds": 4,
      "p_certain": 0.35,
      "p_occurence": 0.2
    },
    {
      "delOpt": 25.3961896728,
      "delay": 0,
      "immOpt": 10,
      "odds": 0.25,
      "p_certain": 0.35,
      "p_occurence": 0.8
    },
    {
      "delOpt": 29.8936431489,
      "delay": 365,
      "immOpt": 15,
      "odds": 0,
      "p_certain": 0.2,
      "p_occurence": 0
    },
    {
      "delOpt": 53.5859929338,
      "delay": 30,
      "immOpt": 40,
      "odds": 0,
      "p_certain": 0.2,
      "p_occurence": 0
    },
    {
      "delOpt": 59.0136999081,
      "delay": 365,
      "immOpt": 50,
      "odds": 0,
      "p_certain": 0.35,
      "p_occurence": 0
    },
    {
      "delOpt": 84.8880942901,
      "delay": 0,
      "immOpt": 40,
      "odds": 0.25,
      "p_certain": 0.2,
      "p_occurence": 0.8
    },
    {
      "delOpt": 37.9222657014,
      "delay": 365,
      "immOpt": 30,
      "odds": 0,
      "p_certain": 0.35,
      "p_occurence": 0
    },
    {
      "delOpt": 46.1660198193,
      "delay": 30,
      "immOpt": 40,
      "odds": 0,
      "p_certain": 0.35,
      "p_occurence": 0
    },
    {
      "delOpt": 585.3425450496,
      "delay": 0,
      "immOpt": 50,
      "odds": 4,
      "p_certain": 0.35,
      "p_occurence": 0.2
    },
    {
      "delOpt": 40.1,
      "delay": 182.5,
      "immOpt": 40,
      "odds": 0,
      "p_certain": 0.65,
      "p_occurence": 0
    },
    {
      "delOpt": 209.0032238354,
      "delay": 0,
      "immOpt": 40,
      "odds": 1.5,
      "p_certain": 0.35,
      "p_occurence": 0.4
    },
    {
      "delOpt": 40.1,
      "delay": 182.5,
      "immOpt": 40,
      "odds": 0,
      "p_certain": 0.8,
      "p_occurence": 0
    },
    {
      "delOpt": 29.1201788037,
      "delay": 182.5,
      "immOpt": 15,
      "odds": 0,
      "p_certain": 0.2,
      "p_occurence": 0
    },
    {
      "delOpt": 21.0538861679,
      "delay": 30,
      "immOpt": 15,
      "odds": 0,
      "p_certain": 0.35,
      "p_occurence": 0
    },
    {
      "delOpt": 91.6378328781,
      "delay": 0,
      "immOpt": 48.9111102059,
      "odds": 0.6666666667,
      "p_certain": 0.8,
      "p_occurence": 0.6
    },
    {
      "delOpt": 63.6308463943,
      "delay": 30,
      "immOpt": 50,
      "odds": 0,
      "p_certain": 0.2,
      "p_occurence": 0
    },
    {
      "delOpt": 30.2559169524,
      "delay": 0,
      "immOpt": 20,
      "odds": 1.5,
      "p_certain": 0.8,
      "p_occurence": 0.4
    },
    {
      "delOpt": 24.6207845973,
      "delay": 365,
      "immOpt": 10,
      "odds": 0,
      "p_certain": 0.2,
      "p_occurence": 0
    },
    {
      "delOpt": 50.4432274949,
      "delay": 1095,
      "immOpt": 30,
      "odds": 0,
      "p_certain": 0.2,
      "p_occurence": 0
    },
    {
      "delOpt": 32.8825827494,
      "delay": 30,
      "immOpt": 32.7357515752,
      "odds": 0,
      "p_certain": 0.5,
      "p_occurence": 0
    },
    {
      "delOpt": 41.8470493436,
      "delay": 1095,
      "immOpt": 30,
      "odds": 0,
      "p_certain": 0.35,
      "p_occurence": 0
    },
    {
      "delOpt": 10.1,
      "delay": 182.5,
      "immOpt": 10,
      "odds": 0,
      "p_certain": 0.65,
      "p_occurence": 0
    },
    {
      "delOpt": 54.2673406059,
      "delay": 0,
      "immOpt": 40.0634115782,
      "odds": 0.25,
      "p_certain": 0.65,
      "p_occurence": 0.8
    },
    {
      "delOpt": 95.3153445019,
      "delay": 0,
      "immOpt": 15,
      "odds": 1.5,
      "p_certain": 0.35,
      "p_occurence": 0.4
    },
    {
      "delOpt": 41.3087149617,
      "delay": 0,
      "immOpt": 20,
      "odds": 0.25,
      "p_certain": 0.35,
      "p_occurence": 0.8
    },
    {
      "delOpt": 54.1664367717,
      "delay": 0,
      "immOpt": 40,
      "odds": 0.25,
      "p_certain": 0.65,
      "p_occurence": 0.8
    },
    {
      "delOpt": 106.1695382478,
      "delay": 0,
      "immOpt": 10,
      "odds": 1.5,
      "p_certain": 0.2,
      "p_occurence": 0.4
    },
    {
      "delOpt": 144.1903190752,
      "delay": 0,
      "immOpt": 50,
      "odds": 0.6666666667,
      "p_certain": 0.35,
      "p_occurence": 0.6
    },
    {
      "delOpt": 61.9435537547,
      "delay": 0,
      "immOpt": 30,
      "odds": 0.6666666667,
      "p_certain": 0.65,
      "p_occurence": 0.6
    },
    {
      "delOpt": 10.2728585517,
      "delay": 182.5,
      "immOpt": 10,
      "odds": 0,
      "p_certain": 0.5,
      "p_occurence": 0
    },
    {
      "delOpt": 15.9125252889,
      "delay": 0,
      "immOpt": 10,
      "odds": 0.25,
      "p_certain": 0.5,
      "p_occurence": 0.8
    },
    {
      "delOpt": 15.4092878275,
      "delay": 182.5,
      "immOpt": 15,
      "odds": 0,
      "p_certain": 0.5,
      "p_occurence": 0
    },
    {
      "delOpt": 41.1101106983,
      "delay": 0,
      "immOpt": 15,
      "odds": 1.5,
      "p_certain": 0.65,
      "p_occurence": 0.4
    },
    {
      "delOpt": 103.0669364149,
      "delay": 0,
      "immOpt": 40,
      "odds": 0.6666666667,
      "p_certain": 0.5,
      "p_occurence": 0.6
    },
    {
      "delOpt": 111.6903265723,
      "delay": 0,
      "immOpt": 30,
      "odds": 0.6666666667,
      "p_certain": 0.2,
      "p_occurence": 0.6
    },
    {
      "delOpt": 56.2108732798,
      "delay": 30,
      "immOpt": 50,
      "odds": 0,
      "p_certain": 0.35,
      "p_occurence": 0
    },
    {
      "delOpt": 68.6768121538,
      "delay": 0,
      "immOpt": 40,
      "odds": 0.6666666667,
      "p_certain": 0.8,
      "p_occurence": 0.6
    },
    {
      "delOpt": 41.1233826603,
      "delay": 0,
      "immOpt": 10,
      "odds": 0.6666666667,
      "p_certain": 0.35,
      "p_occurence": 0.6
    },
    {
      "delOpt": 98.7337639973,
      "delay": 0,
      "immOpt": 22.7858523236,
      "odds": 4,
      "p_certain": 0.8,
      "p_occurence": 0.2
    },
    {
      "delOpt": 15.1,
      "delay": 365,
      "immOpt": 15,
      "odds": 0,
      "p_certain": 0.65,
      "p_occurence": 0
    },
    {
      "delOpt": 27.376548598,
      "delay": 365,
      "immOpt": 20,
      "odds": 0,
      "p_certain": 0.35,
      "p_occurence": 0
    },
    {
      "delOpt": 53.0630437123,
      "delay": 0,
      "immOpt": 20,
      "odds": 0.25,
      "p_certain": 0.2,
      "p_occurence": 0.8
    },
    {
      "delOpt": 26.6682112392,
      "delay": 182.5,
      "immOpt": 20,
      "odds": 0,
      "p_certain": 0.35,
      "p_occurence": 0
    },
    {
      "delOpt": 47.7375758667,
      "delay": 0,
      "immOpt": 30,
      "odds": 0.25,
      "p_certain": 0.5,
      "p_occurence": 0.8
    },
    {
      "delOpt": 271.5413311825,
      "delay": 0,
      "immOpt": 20,
      "odds": 4,
      "p_certain": 0.35,
      "p_occurence": 0.2
    },
    {
      "delOpt": 72.5777686352,
      "delay": 0,
      "immOpt": 10,
      "odds": 1.5,
      "p_certain": 0.35,
      "p_occurence": 0.4
    },
    {
      "delOpt": 11.6371513101,
      "delay": 1095,
      "immOpt": 10,
      "odds": 0,
      "p_certain": 0.5,
      "p_occurence": 0
    },
    {
      "delOpt": 46.5486052403,
      "delay": 1095,
      "immOpt": 40,
      "odds": 0,
      "p_certain": 0.5,
      "p_occurence": 0
    },
    {
      "delOpt": 40.1794138422,
      "delay": 30,
      "immOpt": 40,
      "odds": 0,
      "p_certain": 0.5,
      "p_occurence": 0
    },
    {
      "delOpt": 30.1,
      "delay": 365,
      "immOpt": 30,
      "odds": 0,
      "p_certain": 0.8,
      "p_occurence": 0
    },
    {
      "delOpt": 92.6568508677,
      "delay": 0,
      "immOpt": 30,
      "odds": 0.6666666667,
      "p_certain": 0.35,
      "p_occurence": 0.6
    },
    {
      "delOpt": 43.5411394732,
      "delay": 30,
      "immOpt": 30,
      "odds": 0,
      "p_certain": 0.2,
      "p_occurence": 0
    },
    {
      "delOpt": 128.9071141145,
      "delay": 0,
      "immOpt": 15,
      "odds": 1.5,
      "p_certain": 0.2,
      "p_occurence": 0.4
    },
    {
      "delOpt": 50.1,
      "delay": 30,
      "immOpt": 50,
      "odds": 0,
      "p_certain": 0.65,
      "p_occurence": 0
    },
    {
      "delOpt": 51.5334682075,
      "delay": 0,
      "immOpt": 20,
      "odds": 0.6666666667,
      "p_certain": 0.5,
      "p_occurence": 0.6
    },
    {
      "delOpt": 68.9755690012,
      "delay": 0,
      "immOpt": 30,
      "odds": 0.25,
      "p_certain": 0.2,
      "p_occurence": 0.8
    },
    {
      "delOpt": 200.2731417652,
      "delay": 0,
      "immOpt": 50,
      "odds": 1.5,
      "p_certain": 0.65,
      "p_occurence": 0.4
    },
    {
      "delOpt": 90.9503034668,
      "delay": 0,
      "immOpt": 20,
      "odds": 1.5,
      "p_certain": 0.5,
      "p_occurence": 0.4
    },
    {
      "delOpt": 48.7240339948,
      "delay": 1095,
      "immOpt": 47.8292564264,
      "odds": 0,
      "p_certain": 0.65,
      "p_occurence": 0
    },
    {
      "delOpt": 42.4121080211,
      "delay": 0,
      "immOpt": 40,
      "odds": 0.25,
      "p_certain": 0.8,
      "p_occurence": 0.8
    },
    {
      "delOpt": 100.800619579,
      "delay": 0,
      "immOpt": 50,
      "odds": 0.25,
      "p_certain": 0.2,
      "p_occurence": 0.8
    },
    {
      "delOpt": 66.890116764,
      "delay": 0,
      "immOpt": 20,
      "odds": 0.6666666667,
      "p_certain": 0.35,
      "p_occurence": 0.6
    },
    {
      "delOpt": 45.4751517334,
      "delay": 0,
      "immOpt": 10,
      "odds": 1.5,
      "p_certain": 0.5,
      "p_occurence": 0.4
    },
    {
      "delOpt": 10.1,
      "delay": 365,
      "immOpt": 10,
      "odds": 0,
      "p_certain": 0.8,
      "p_occurence": 0
    },
    {
      "delOpt": 23.2743026202,
      "delay": 1095,
      "immOpt": 20,
      "odds": 0,
      "p_certain": 0.5,
      "p_occurence": 0
    },
    {
      "delOpt": 356.0610965519,
      "delay": 0,
      "immOpt": 40,
      "odds": 4,
      "p_certain": 0.65,
      "p_occurence": 0.2
    },
    {
      "delOpt": 50.1,
      "delay": 182.5,
      "immOpt": 50,
      "odds": 0,
      "p_certain": 0.65,
      "p_occurence": 0
    },
    {
      "delOpt": 30.1,
      "delay": 182.5,
      "immOpt": 30,
      "odds": 0,
      "p_certain": 0.8,
      "p_occurence": 0
    },
    {
      "delOpt": 42.1828684134,
      "delay": 365,
      "immOpt": 40,
      "odds": 0,
      "p_certain": 0.5,
      "p_occurence": 0
    },
    {
      "delOpt": 21.0914342067,
      "delay": 365,
      "immOpt": 20,
      "odds": 0,
      "p_certain": 0.5,
      "p_occurence": 0
    },
    {
      "delOpt": 21.5317819633,
      "delay": 182.5,
      "immOpt": 15,
      "odds": 0,
      "p_certain": 0.35,
      "p_occurence": 0
    },
    {
      "delOpt": 40.1,
      "delay": 30,
      "immOpt": 40,
      "odds": 0,
      "p_certain": 0.8,
      "p_occurence": 0
    },
    {
      "delOpt": 49.4356927551,
      "delay": 1095,
      "immOpt": 48.4407967779,
      "odds": 0,
      "p_certain": 0.65,
      "p_occurence": 0
    },
    {
      "delOpt": 121.2062204192,
      "delay": 0,
      "immOpt": 40,
      "odds": 1.5,
      "p_certain": 0.8,
      "p_occurence": 0.4
    },
    {
      "delOpt": 80.9891737908,
      "delay": 0,
      "immOpt": 31.1562589468,
      "odds": 1.5,
      "p_certain": 0.8,
      "p_occurence": 0.4
    },
    {
      "delOpt": 523.0020231119,
      "delay": 0,
      "immOpt": 50,
      "odds": 4,
      "p_certain": 0.5,
      "p_occurence": 0.2
    },
    {
      "delOpt": 38.8060761848,
      "delay": 1095,
      "immOpt": 20,
      "odds": 0,
      "p_certain": 0.2,
      "p_occurence": 0
    },
    {
      "delOpt": 23.9837495279,
      "delay": 182.5,
      "immOpt": 10,
      "odds": 0,
      "p_certain": 0.2,
      "p_occurence": 0
    },
    {
      "delOpt": 15.1,
      "delay": 30,
      "immOpt": 15,
      "odds": 0,
      "p_certain": 0.8,
      "p_occurence": 0
    },
    {
      "delOpt": 163.528072102,
      "delay": 0,
      "immOpt": 30,
      "odds": 1.5,
      "p_certain": 0.35,
      "p_occurence": 0.4
    },
    {
      "delOpt": 51.250161137,
      "delay": 1095,
      "immOpt": 50,
      "odds": 0,
      "p_certain": 0.65,
      "p_occurence": 0
    },
    {
      "delOpt": 50.1,
      "delay": 182.5,
      "immOpt": 50,
      "odds": 0,
      "p_certain": 0.8,
      "p_occurence": 0
    },
    {
      "delOpt": 51.3642927584,
      "delay": 182.5,
      "immOpt": 50,
      "odds": 0,
      "p_certain": 0.5,
      "p_occurence": 0
    },
    {
      "delOpt": 94.4435462575,
      "delay": 0,
      "immOpt": 50,
      "odds": 0.6666666667,
      "p_certain": 0.8,
      "p_occurence": 0.6
    },
    {
      "delOpt": 44.5294666313,
      "delay": 182.5,
      "immOpt": 30,
      "odds": 0,
      "p_certain": 0.2,
      "p_occurence": 0
    },
    {
      "delOpt": 26.0763128982,
      "delay": 30,
      "immOpt": 20,
      "odds": 0,
      "p_certain": 0.35,
      "p_occurence": 0
    },
    {
      "delOpt": 73.1337655395,
      "delay": 0,
      "immOpt": 40,
      "odds": 0.25,
      "p_certain": 0.35,
      "p_occurence": 0.8
    },
    {
      "delOpt": 63.6501011556,
      "delay": 0,
      "immOpt": 40,
      "odds": 0.25,
      "p_certain": 0.5,
      "p_occurence": 0.8
    },
    {
      "delOpt": 75.7310686858,
      "delay": 0,
      "immOpt": 30,
      "odds": 1.5,
      "p_certain": 0.8,
      "p_occurence": 0.4
    },
    {
      "delOpt": 42.2598826847,
      "delay": 0,
      "immOpt": 10,
      "odds": 4,
      "p_certain": 0.65,
      "p_occurence": 0.2
    },
    {
      "delOpt": 418.4016184895,
      "delay": 0,
      "immOpt": 40,
      "odds": 4,
      "p_certain": 0.5,
      "p_occurence": 0.2
    },
    {
      "delOpt": 70.0789620606,
      "delay": 0,
      "immOpt": 50,
      "odds": 0.25,
      "p_certain": 0.65,
      "p_occurence": 0.8
    },
    {
      "delOpt": 20.1,
      "delay": 1095,
      "immOpt": 20,
      "odds": 0,
      "p_certain": 0.8,
      "p_occurence": 0
    },
    {
      "delOpt": 79.5626264445,
      "delay": 0,
      "immOpt": 50,
      "odds": 0.25,
      "p_certain": 0.5,
      "p_occurence": 0.8
    },
    {
      "delOpt": 480.7421404272,
      "delay": 0,
      "immOpt": 40,
      "odds": 4,
      "p_certain": 0.35,
      "p_occurence": 0.2
    },
    {
      "delOpt": 85.9235924686,
      "delay": 0,
      "immOpt": 20,
      "odds": 0.6666666667,
      "p_certain": 0.2,
      "p_occurence": 0.6
    },
    {
      "delOpt": 154.7979900318,
      "delay": 0,
      "immOpt": 40,
      "odds": 1.5,
      "p_certain": 0.65,
      "p_occurence": 0.4
    },
    {
      "delOpt": 30.1,
      "delay": 30,
      "immOpt": 30,
      "odds": 0,
      "p_certain": 0.65,
      "p_occurence": 0
    },
    {
      "delOpt": 58.1857565504,
      "delay": 1095,
      "immOpt": 50,
      "odds": 0,
      "p_certain": 0.5,
      "p_occurence": 0
    },
    {
      "delOpt": 10.5457171034,
      "delay": 365,
      "immOpt": 10,
      "odds": 0,
      "p_certain": 0.5,
      "p_occurence": 0
    },
    {
      "delOpt": 50.2333564374,
      "delay": 1095,
      "immOpt": 49.1262426065,
      "odds": 0,
      "p_certain": 0.65,
      "p_occurence": 0
    },
    {
      "delOpt": 68.2127276001,
      "delay": 0,
      "immOpt": 15,
      "odds": 1.5,
      "p_certain": 0.5,
      "p_occurence": 0.4
    },
    {
      "delOpt": 10.4100855472,
      "delay": 0,
      "immOpt": 10,
      "odds": 0.6666666667,
      "p_certain": 0.65,
      "p_occurence": 0.6
    },
    {
      "delOpt": 278.7944452154,
      "delay": 0,
      "immOpt": 40,
      "odds": 4,
      "p_certain": 0.8,
      "p_occurence": 0.2
    },
    {
      "delOpt": 128.035328221,
      "delay": 0,
      "immOpt": 41.5017229281,
      "odds": 1.5,
      "p_certain": 0.8,
      "p_occurence": 0.4
    },
    {
      "delOpt": 73.0402254167,
      "delay": 0,
      "immOpt": 15,
      "odds": 0.6666666667,
      "p_certain": 0.2,
      "p_occurence": 0.6
    },
    {
      "delOpt": 254.4783755688,
      "delay": 0,
      "immOpt": 50,
      "odds": 1.5,
      "p_certain": 0.35,
      "p_occurence": 0.4
    },
    {
      "delOpt": 166.9409265601,
      "delay": 0,
      "immOpt": 10,
      "odds": 4,
      "p_certain": 0.35,
      "p_occurence": 0.2
    },
    {
      "delOpt": 42.4005881842,
      "delay": 0,
      "immOpt": 39.9927605225,
      "odds": 0.25,
      "p_certain": 0.8,
      "p_occurence": 0.8
    },
    {
      "delOpt": 34.6412272465,
      "delay": 30,
      "immOpt": 34.4865431662,
      "odds": 0,
      "p_certain": 0.5,
      "p_occurence": 0
    },
    {
      "delOpt": 63.847686565,
      "delay": 0,
      "immOpt": 20,
      "odds": 1.5,
      "p_certain": 0.65,
      "p_occurence": 0.4
    },
    {
      "delOpt": 15.1,
      "delay": 182.5,
      "immOpt": 15,
      "odds": 0,
      "p_certain": 0.8,
      "p_occurence": 0
    },
    {
      "delOpt": 23.2934525991,
      "delay": 0,
      "immOpt": 15,
      "odds": 0.6666666667,
      "p_certain": 0.65,
      "p_occurence": 0.6
    },
    {
      "delOpt": 18.3725348316,
      "delay": 0,
      "immOpt": 10,
      "odds": 1.5,
      "p_certain": 0.65,
      "p_occurence": 0.4
    },
    {
      "delOpt": 348.8079825189,
      "delay": 0,
      "immOpt": 20,
      "odds": 4,
      "p_certain": 0.2,
      "p_occurence": 0.2
    },
    {
      "delOpt": 20.1,
      "delay": 30,
      "immOpt": 20,
      "odds": 0,
      "p_certain": 0.65,
      "p_occurence": 0
    },
    {
      "delOpt": 40.1,
      "delay": 30,
      "immOpt": 40,
      "odds": 0,
      "p_certain": 0.65,
      "p_occurence": 0
    },
    {
      "delOpt": 15.1,
      "delay": 30,
      "immOpt": 15,
      "odds": 0,
      "p_certain": 0.65,
      "p_occurence": 0
    },
    {
      "delOpt": 94.5600849959,
      "delay": 0,
      "immOpt": 15,
      "odds": 4,
      "p_certain": 0.65,
      "p_occurence": 0.2
    },
    {
      "delOpt": 34.9114539302,
      "delay": 1095,
      "immOpt": 30,
      "odds": 0,
      "p_certain": 0.5,
      "p_occurence": 0
    },
    {
      "delOpt": 53.683877878,
      "delay": 0,
      "immOpt": 47.0835833108,
      "odds": 0.25,
      "p_certain": 0.8,
      "p_occurence": 0.8
    },
    {
      "delOpt": 39.8299159857,
      "delay": 0,
      "immOpt": 38.3772581734,
      "odds": 0.25,
      "p_certain": 0.8,
      "p_occurence": 0.8
    }
  ],
  "updatedAt": "2024-12-02T19:40:28.691Z"
}