{
  "_id": "6758662ba4682e0fbc5aa85e",
  "userId": "47c0ee3201fea94a558d767377806d9cd8ed9ebb117f21410dcb50ded4387f0c",
  "__v": 0,
  "createdAt": "2024-12-10T16:02:51.460Z",
  "params": {
    "LL": -122.20625094216454,
    "beta": 0.010857789856296849,
    "h": 0.6145893005986118,
    "kappa": 0.002465566206336392,
    "s": 1
  },
  "run_A": [
    {
      "rt": 6754,
      "immOpt": "20.0",
      "delOpt": "28.1",
      "p_occurence": 0.2,
      "delay": 182.5,
      "type": 3,
      "time_elapsed": 433336,
      "choice": "immediate",
      "timelineType": "run_A"
    },
    {
      "rt": 3685,
      "immOpt": "10.0",
      "delOpt": "4420.0",
      "p_occurence": 0.5,
      "delay": 182.5,
      "type": 3,
      "time_elapsed": 439032,
      "choice": "delayed",
      "timelineType": "run_A"
    },
    {
      "rt": 2790,
      "immOpt": "10.0",
      "delOpt": "14.2",
      "p_occurence": 0.2,
      "delay": 1095,
      "type": 3,
      "time_elapsed": 443832,
      "choice": "immediate",
      "timelineType": "run_A"
    },
    {
      "rt": 6210,
      "immOpt": "50.0",
      "delOpt": "62.5",
      "p_occurence": 0.8,
      "delay": 30,
      "type": 3,
      "time_elapsed": 452064,
      "choice": "immediate",
      "timelineType": "run_A"
    },
    {
      "rt": 5310,
      "immOpt": "10.0",
      "delOpt": "4400.0",
      "p_occurence": 0.5,
      "delay": 365,
      "type": 3,
      "time_elapsed": 459380,
      "choice": "delayed",
      "timelineType": "run_A"
    },
    {
      "rt": 5989,
      "immOpt": "10.0",
      "delOpt": "950.0",
      "p_occurence": 0.2,
      "delay": 30,
      "type": 3,
      "time_elapsed": 467386,
      "choice": "immediate",
      "timelineType": "run_A"
    },
    {
      "rt": null,
      "immOpt": "20.0",
      "delOpt": "298.8",
      "p_occurence": 0.8,
      "delay": 1095,
      "type": 3,
      "time_elapsed": 479408,
      "choice": "no answer",
      "timelineType": "run_A"
    },
    {
      "rt": 7019,
      "immOpt": "20.0",
      "delOpt": "734.5",
      "p_occurence": 0.2,
      "delay": 182.5,
      "type": 3,
      "time_elapsed": 488450,
      "choice": "immediate",
      "timelineType": "run_A"
    },
    {
      "rt": 8452,
      "immOpt": "50.0",
      "delOpt": "71.5",
      "p_occurence": 0.5,
      "delay": 30,
      "type": 3,
      "time_elapsed": 498914,
      "choice": "delayed",
      "timelineType": "run_A"
    },
    {
      "rt": 9615,
      "immOpt": "50.0",
      "delOpt": "202.2",
      "p_occurence": 0.5,
      "delay": 1095,
      "type": 3,
      "time_elapsed": 510550,
      "choice": "delayed",
      "timelineType": "run_A"
    },
    {
      "rt": 4089,
      "immOpt": "10.0",
      "delOpt": "8225.0",
      "p_occurence": 0.8,
      "delay": 1095,
      "type": 3,
      "time_elapsed": 516650,
      "choice": "delayed",
      "timelineType": "run_A"
    },
    {
      "rt": 3367,
      "immOpt": "10.0",
      "delOpt": "209.0",
      "p_occurence": 0.5,
      "delay": 30,
      "type": 3,
      "time_elapsed": 522040,
      "choice": "delayed",
      "timelineType": "run_A"
    },
    {
      "rt": 8189,
      "immOpt": "20.0",
      "delOpt": "79.1",
      "p_occurence": 0.2,
      "delay": 182.5,
      "type": 3,
      "time_elapsed": 532244,
      "choice": "delayed",
      "timelineType": "run_A"
    },
    {
      "rt": 3068,
      "immOpt": "50.0",
      "delOpt": "22100.0",
      "p_occurence": 0.5,
      "delay": 182.5,
      "type": 3,
      "time_elapsed": 537322,
      "choice": "delayed",
      "timelineType": "run_A"
    },
    {
      "rt": 3500,
      "immOpt": "10.0",
      "delOpt": "380.0",
      "p_occurence": 0.5,
      "delay": 30,
      "type": 3,
      "time_elapsed": 542833,
      "choice": "delayed",
      "timelineType": "run_A"
    },
    {
      "rt": 4671,
      "immOpt": "20.0",
      "delOpt": "475.0",
      "p_occurence": 0.8,
      "delay": 30,
      "type": 3,
      "time_elapsed": 549517,
      "choice": "delayed",
      "timelineType": "run_A"
    },
    {
      "rt": 6373,
      "immOpt": "50.0",
      "delOpt": "62.7",
      "p_occurence": 0.8,
      "delay": 365,
      "type": 3,
      "time_elapsed": 557911,
      "choice": "immediate",
      "timelineType": "run_A"
    },
    {
      "rt": 6248,
      "immOpt": "50.0",
      "delOpt": "36190.0",
      "p_occurence": 0.5,
      "delay": 1095,
      "type": 3,
      "time_elapsed": 566175,
      "choice": "delayed",
      "timelineType": "run_A"
    },
    {
      "rt": 5459,
      "immOpt": "20.0",
      "delOpt": "57.9",
      "p_occurence": 0.8,
      "delay": 182.5,
      "type": 3,
      "time_elapsed": 573655,
      "choice": "delayed",
      "timelineType": "run_A"
    },
    {
      "rt": 5373,
      "immOpt": "10.0",
      "delOpt": "10.3",
      "p_occurence": 0.8,
      "delay": 30,
      "type": 3,
      "time_elapsed": 581038,
      "choice": "immediate",
      "timelineType": "run_A"
    },
    {
      "rt": 9846,
      "immOpt": "50.0",
      "delOpt": "651.2",
      "p_occurence": 0.2,
      "delay": 182.5,
      "type": 3,
      "time_elapsed": 592904,
      "choice": "immediate",
      "timelineType": "run_A"
    },
    {
      "rt": 6039,
      "immOpt": "10.0",
      "delOpt": "2750.0",
      "p_occurence": 0.8,
      "delay": 365,
      "type": 3,
      "time_elapsed": 600953,
      "choice": "delayed",
      "timelineType": "run_A"
    },
    {
      "rt": 3763,
      "immOpt": "10.0",
      "delOpt": "40.4",
      "p_occurence": 0.5,
      "delay": 1095,
      "type": 3,
      "time_elapsed": 606730,
      "choice": "immediate",
      "timelineType": "run_A"
    },
    {
      "rt": 8154,
      "immOpt": "50.0",
      "delOpt": "66.6",
      "p_occurence": 0.8,
      "delay": 30,
      "type": 3,
      "time_elapsed": 616904,
      "choice": "delayed",
      "timelineType": "run_A"
    },
    {
      "rt": null,
      "immOpt": "20.0",
      "delOpt": "478.0",
      "p_occurence": 0.5,
      "delay": 1095,
      "type": 3,
      "time_elapsed": 628924,
      "choice": "no answer",
      "timelineType": "run_A"
    },
    {
      "rt": 7268,
      "immOpt": "50.0",
      "delOpt": "250.5",
      "p_occurence": 0.2,
      "delay": 182.5,
      "type": 3,
      "time_elapsed": 638205,
      "choice": "immediate",
      "timelineType": "run_A"
    },
    {
      "rt": 5989,
      "immOpt": "20.0",
      "delOpt": "8800.0",
      "p_occurence": 0.5,
      "delay": 365,
      "type": 3,
      "time_elapsed": 646211,
      "choice": "delayed",
      "timelineType": "run_A"
    },
    {
      "rt": 4671,
      "immOpt": "50.0",
      "delOpt": "1045.0",
      "p_occurence": 0.5,
      "delay": 30,
      "type": 3,
      "time_elapsed": 652899,
      "choice": "delayed",
      "timelineType": "run_A"
    },
    {
      "rt": 3690,
      "immOpt": "50.0",
      "delOpt": "70.3",
      "p_occurence": 0.2,
      "delay": 365,
      "type": 3,
      "time_elapsed": 658597,
      "choice": "immediate",
      "timelineType": "run_A"
    },
    {
      "rt": 3820,
      "immOpt": "20.0",
      "delOpt": "57200.0",
      "p_occurence": 0.2,
      "delay": 365,
      "type": 3,
      "time_elapsed": 664430,
      "choice": "delayed",
      "timelineType": "run_A"
    },
    {
      "rt": 4396,
      "delOpt": "65.6",
      "delay": 365,
      "immOpt": "10.0",
      "odds": 1,
      "p_certain": 0.5,
      "p_occurence": 0.5,
      "time_elapsed": 4397,
      "choice": "immediate",
      "timelineType": "run_A"
    },
    {
      "rt": 3331,
      "delOpt": "123.4",
      "delay": 30,
      "immOpt": "50.0",
      "odds": 0.24999999999999994,
      "p_certain": 0.5,
      "p_occurence": 0.8,
      "time_elapsed": 3332,
      "choice": "delayed",
      "timelineType": "run_A"
    },
    {
      "rt": 7541,
      "delOpt": "417.6",
      "delay": 365,
      "immOpt": "20.0",
      "odds": 4,
      "p_certain": 0.5,
      "p_occurence": 0.2,
      "time_elapsed": 7543,
      "choice": "immediate",
      "timelineType": "run_A"
    },
    {
      "rt": 3273,
      "delOpt": "129.5",
      "delay": 365,
      "immOpt": "20.0",
      "odds": 1,
      "p_certain": 0.5,
      "p_occurence": 0.5,
      "time_elapsed": 3274,
      "choice": "delayed",
      "timelineType": "run_A"
    },
    {
      "rt": 7622,
      "delOpt": "120.4",
      "delay": 182.5,
      "immOpt": "20.0",
      "odds": 1,
      "p_certain": 0.5,
      "p_occurence": 0.5,
      "time_elapsed": 7623,
      "choice": "delayed",
      "timelineType": "run_A"
    },
    {
      "rt": 9950,
      "delOpt": "112.5",
      "delay": 182.5,
      "immOpt": "20.0",
      "odds": 1,
      "p_certain": 0.5,
      "p_occurence": 0.5,
      "time_elapsed": 9951,
      "choice": "delayed",
      "timelineType": "run_A"
    },
    {
      "rt": 4407,
      "delOpt": "41.4",
      "delay": 182.5,
      "immOpt": "20.0",
      "odds": 0.24999999999999994,
      "p_certain": 0.5,
      "p_occurence": 0.8,
      "time_elapsed": 4407,
      "choice": "immediate",
      "timelineType": "run_A"
    },
    {
      "rt": 5218,
      "delOpt": "274.6",
      "delay": 30,
      "immOpt": "50.0",
      "odds": 1,
      "p_certain": 0.5,
      "p_occurence": 0.5,
      "time_elapsed": 5220,
      "choice": "delayed",
      "timelineType": "run_A"
    },
    {
      "rt": 8386,
      "delOpt": "95.1",
      "delay": 365,
      "immOpt": "20.0",
      "odds": 1,
      "p_certain": 0.5,
      "p_occurence": 0.5,
      "time_elapsed": 8387,
      "choice": "delayed",
      "timelineType": "run_A"
    },
    {
      "rt": 6338,
      "delOpt": "18.8",
      "delay": 30,
      "immOpt": "10.0",
      "odds": 0.24999999999999994,
      "p_certain": 0.5,
      "p_occurence": 0.8,
      "time_elapsed": 6340,
      "choice": "delayed",
      "timelineType": "run_A"
    },
    {
      "rt": 6033,
      "delOpt": "37.2",
      "delay": 182.5,
      "immOpt": "20.0",
      "odds": 0.24999999999999994,
      "p_certain": 0.5,
      "p_occurence": 0.8,
      "time_elapsed": 6034,
      "choice": "immediate",
      "timelineType": "run_A"
    },
    {
      "rt": 6303,
      "delOpt": "19.0",
      "delay": 30,
      "immOpt": "10.0",
      "odds": 0.24999999999999994,
      "p_certain": 0.5,
      "p_occurence": 0.8,
      "time_elapsed": 6304,
      "choice": "immediate",
      "timelineType": "run_A"
    },
    {
      "rt": null,
      "delOpt": "312.5",
      "delay": 365,
      "immOpt": "20.0",
      "odds": 4,
      "p_certain": 0.5,
      "p_occurence": 0.2,
      "time_elapsed": 10003,
      "choice": "no answer",
      "timelineType": "run_A"
    },
    {
      "rt": 7830,
      "delOpt": "232.8",
      "delay": 182.5,
      "immOpt": "50.0",
      "odds": 1,
      "p_certain": 0.5,
      "p_occurence": 0.5,
      "time_elapsed": 7831,
      "choice": "delayed",
      "timelineType": "run_A"
    },
    {
      "rt": 5955,
      "delOpt": "82.6",
      "delay": 182.5,
      "immOpt": "20.0",
      "odds": 1,
      "p_certain": 0.5,
      "p_occurence": 0.5,
      "time_elapsed": 5957,
      "choice": "delayed",
      "timelineType": "run_A"
    },
    {
      "rt": 7487,
      "delOpt": "79.0",
      "delay": 182.5,
      "immOpt": "20.0",
      "odds": 1,
      "p_certain": 0.5,
      "p_occurence": 0.5,
      "time_elapsed": 7488,
      "choice": "delayed",
      "timelineType": "run_A"
    },
    {
      "rt": 3298,
      "delOpt": "33.9",
      "delay": 365,
      "immOpt": "20.0",
      "odds": 0.24999999999999994,
      "p_certain": 0.5,
      "p_occurence": 0.8,
      "time_elapsed": 3299,
      "choice": "immediate",
      "timelineType": "run_A"
    },
    {
      "rt": 9131,
      "delOpt": "86.0",
      "delay": 365,
      "immOpt": "50.0",
      "odds": 0.24999999999999994,
      "p_certain": 0.5,
      "p_occurence": 0.8,
      "time_elapsed": 9132,
      "choice": "delayed",
      "timelineType": "run_A"
    },
    {
      "rt": 3537,
      "delOpt": "33.3",
      "delay": 365,
      "immOpt": "20.0",
      "odds": 0.24999999999999994,
      "p_certain": 0.5,
      "p_occurence": 0.8,
      "time_elapsed": 3538,
      "choice": "immediate",
      "timelineType": "run_A"
    },
    {
      "rt": 4917,
      "delOpt": "33.7",
      "delay": 182.5,
      "immOpt": "20.0",
      "odds": 0.24999999999999994,
      "p_certain": 0.5,
      "p_occurence": 0.8,
      "time_elapsed": 4918,
      "choice": "immediate",
      "timelineType": "run_A"
    },
    {
      "rt": 5022,
      "delOpt": "85.4",
      "delay": 182.5,
      "immOpt": "50.0",
      "odds": 0.24999999999999994,
      "p_certain": 0.5,
      "p_occurence": 0.8,
      "time_elapsed": 5024,
      "choice": "delayed",
      "timelineType": "run_A"
    },
    {
      "rt": 6077,
      "delOpt": "72.7",
      "delay": 182.5,
      "immOpt": "20.0",
      "odds": 1,
      "p_certain": 0.5,
      "p_occurence": 0.5,
      "time_elapsed": 6078,
      "choice": "delayed",
      "timelineType": "run_A"
    },
    {
      "rt": 7019,
      "delOpt": "81.3",
      "delay": 182.5,
      "immOpt": "50.0",
      "odds": 0.24999999999999994,
      "p_certain": 0.5,
      "p_occurence": 0.8,
      "time_elapsed": 7020,
      "choice": "immediate",
      "timelineType": "run_A"
    },
    {
      "rt": 4903,
      "delOpt": "33.4",
      "delay": 365,
      "immOpt": "20.0",
      "odds": 0.24999999999999994,
      "p_certain": 0.5,
      "p_occurence": 0.8,
      "time_elapsed": 4904,
      "choice": "immediate",
      "timelineType": "run_A"
    },
    {
      "rt": 7315,
      "delOpt": "241.7",
      "delay": 365,
      "immOpt": "20.0",
      "odds": 4,
      "p_certain": 0.5,
      "p_occurence": 0.2,
      "time_elapsed": 7317,
      "choice": "immediate",
      "timelineType": "run_A"
    },
    {
      "rt": 3034,
      "delOpt": "34.8",
      "delay": 1095,
      "immOpt": "20.0",
      "odds": 0.24999999999999994,
      "p_certain": 0.5,
      "p_occurence": 0.8,
      "time_elapsed": 3036,
      "choice": "immediate",
      "timelineType": "run_A"
    },
    {
      "rt": 6289,
      "delOpt": "202.6",
      "delay": 1095,
      "immOpt": "50.0",
      "odds": 1,
      "p_certain": 0.5,
      "p_occurence": 0.5,
      "time_elapsed": 6290,
      "choice": "immediate",
      "timelineType": "run_A"
    },
    {
      "rt": 3127,
      "delOpt": "21.4",
      "delay": 182.5,
      "immOpt": "10.0",
      "odds": 0.24999999999999994,
      "p_certain": 0.5,
      "p_occurence": 0.8,
      "time_elapsed": 3128,
      "choice": "immediate",
      "timelineType": "run_A"
    },
    {
      "rt": 5324,
      "delOpt": "954.4",
      "delay": 365,
      "immOpt": "50.0",
      "odds": 4,
      "p_certain": 0.5,
      "p_occurence": 0.2,
      "time_elapsed": 5325,
      "choice": "delayed",
      "timelineType": "run_A"
    },
    {
      "rt": 8602,
      "delOpt": "321.2",
      "delay": 1095,
      "immOpt": "50.0",
      "odds": 1,
      "p_certain": 0.5,
      "p_occurence": 0.5,
      "time_elapsed": 8602,
      "choice": "immediate",
      "timelineType": "run_A"
    },
    {
      "rt": null,
      "delOpt": "102.2",
      "delay": 1095,
      "immOpt": "10.0",
      "odds": 1,
      "p_certain": 0.5,
      "p_occurence": 0.5,
      "time_elapsed": 10006,
      "choice": "no answer",
      "timelineType": "run_A"
    },
    {
      "rt": 9831,
      "delOpt": "45.6",
      "delay": 182.5,
      "immOpt": "10.0",
      "odds": 1,
      "p_certain": 0.5,
      "p_occurence": 0.5,
      "time_elapsed": 9831,
      "choice": "delayed",
      "timelineType": "run_A"
    },
    {
      "rt": 8263,
      "delOpt": "232.8",
      "delay": 1095,
      "immOpt": "50.0",
      "odds": 0.24999999999999994,
      "p_certain": 0.5,
      "p_occurence": 0.8,
      "time_elapsed": 8264,
      "choice": "immediate",
      "timelineType": "run_A"
    },
    {
      "rt": 6042,
      "delOpt": "143.6",
      "delay": 1095,
      "immOpt": "10.0",
      "odds": 1,
      "p_certain": 0.5,
      "p_occurence": 0.5,
      "time_elapsed": 6043,
      "choice": "immediate",
      "timelineType": "run_A"
    },
    {
      "rt": 4764,
      "delOpt": "51.2",
      "delay": 182.5,
      "immOpt": "20.0",
      "odds": 0.24999999999999994,
      "p_certain": 0.5,
      "p_occurence": 0.8,
      "time_elapsed": 4765,
      "choice": "delayed",
      "timelineType": "run_A"
    },
    {
      "rt": 3545,
      "delOpt": "251.9",
      "delay": 182.5,
      "immOpt": "50.0",
      "odds": 1,
      "p_certain": 0.5,
      "p_occurence": 0.5,
      "time_elapsed": 3546,
      "choice": "delayed",
      "timelineType": "run_A"
    },
    {
      "rt": 6570,
      "delOpt": "45.4",
      "delay": 182.5,
      "immOpt": "20.0",
      "odds": 0.24999999999999994,
      "p_certain": 0.5,
      "p_occurence": 0.8,
      "time_elapsed": 6572,
      "choice": "immediate",
      "timelineType": "run_A"
    },
    {
      "rt": 4583,
      "delOpt": "389.2",
      "delay": 1095,
      "immOpt": "10.0",
      "odds": 4,
      "p_certain": 0.5,
      "p_occurence": 0.2,
      "time_elapsed": 4584,
      "choice": "immediate",
      "timelineType": "run_A"
    },
    {
      "rt": 4087,
      "delOpt": "690.9",
      "delay": 1095,
      "immOpt": "50.0",
      "odds": 1,
      "p_certain": 0.5,
      "p_occurence": 0.5,
      "time_elapsed": 4087,
      "choice": "delayed",
      "timelineType": "run_A"
    },
    {
      "rt": 5166,
      "delOpt": "129.7",
      "delay": 182.5,
      "immOpt": "10.0",
      "odds": 4,
      "p_certain": 0.5,
      "p_occurence": 0.2,
      "time_elapsed": 5167,
      "choice": "delayed",
      "timelineType": "run_A"
    },
    {
      "rt": 6511,
      "delOpt": "209.9",
      "delay": 182.5,
      "immOpt": "50.0",
      "odds": 1,
      "p_certain": 0.5,
      "p_occurence": 0.5,
      "time_elapsed": 6511,
      "choice": "delayed",
      "timelineType": "run_A"
    },
    {
      "rt": 4950,
      "delOpt": "233.3",
      "delay": 182.5,
      "immOpt": "20.0",
      "odds": 4,
      "p_certain": 0.5,
      "p_occurence": 0.2,
      "time_elapsed": 4952,
      "choice": "delayed",
      "timelineType": "run_A"
    },
    {
      "rt": 7825,
      "delOpt": "226.8",
      "delay": 1095,
      "immOpt": "50.0",
      "odds": 0.24999999999999994,
      "p_certain": 0.5,
      "p_occurence": 0.8,
      "time_elapsed": 7827,
      "choice": "immediate",
      "timelineType": "run_A"
    },
    {
      "rt": 3365,
      "delOpt": "302.6",
      "delay": 1095,
      "immOpt": "10.0",
      "odds": 4,
      "p_certain": 0.5,
      "p_occurence": 0.2,
      "time_elapsed": 3367,
      "choice": "immediate",
      "timelineType": "run_A"
    },
    {
      "rt": 3587,
      "delOpt": "142.2",
      "delay": 365,
      "immOpt": "50.0",
      "odds": 0.24999999999999994,
      "p_certain": 0.5,
      "p_occurence": 0.8,
      "time_elapsed": 3588,
      "choice": "delayed",
      "timelineType": "run_A"
    },
    {
      "rt": 4891,
      "delOpt": "78.6",
      "delay": 182.5,
      "immOpt": "20.0",
      "odds": 1,
      "p_certain": 0.5,
      "p_occurence": 0.5,
      "time_elapsed": 4892,
      "choice": "delayed",
      "timelineType": "run_A"
    },
    {
      "rt": 3423,
      "delOpt": "223.2",
      "delay": 182.5,
      "immOpt": "20.0",
      "odds": 4,
      "p_certain": 0.5,
      "p_occurence": 0.2,
      "time_elapsed": 3424,
      "choice": "delayed",
      "timelineType": "run_A"
    },
    {
      "rt": 7869,
      "delOpt": "96.6",
      "delay": 1095,
      "immOpt": "20.0",
      "odds": 0.24999999999999994,
      "p_certain": 0.5,
      "p_occurence": 0.8,
      "time_elapsed": 7870,
      "choice": "immediate",
      "timelineType": "run_A"
    },
    {
      "rt": 3623,
      "delOpt": "53.1",
      "delay": 365,
      "immOpt": "20.0",
      "odds": 0.24999999999999994,
      "p_certain": 0.5,
      "p_occurence": 0.8,
      "time_elapsed": 3624,
      "choice": "immediate",
      "timelineType": "run_A"
    },
    {
      "rt": 6597,
      "delOpt": "500.8",
      "delay": 1095,
      "immOpt": "50.0",
      "odds": 1,
      "p_certain": 0.5,
      "p_occurence": 0.5,
      "time_elapsed": 6598,
      "choice": "delayed",
      "timelineType": "run_A"
    },
    {
      "rt": 6849,
      "delOpt": "91.9",
      "delay": 365,
      "immOpt": "20.0",
      "odds": 1,
      "p_certain": 0.5,
      "p_occurence": 0.5,
      "time_elapsed": 6849,
      "choice": "delayed",
      "timelineType": "run_A"
    },
    {
      "rt": 3068,
      "delOpt": "44.6",
      "delay": 365,
      "immOpt": "10.0",
      "odds": 1,
      "p_certain": 0.5,
      "p_occurence": 0.5,
      "time_elapsed": 3069,
      "choice": "immediate",
      "timelineType": "run_A"
    },
    {
      "rt": 1562,
      "delOpt": "122.1",
      "delay": 365,
      "immOpt": "50.0",
      "odds": 0.24999999999999994,
      "p_certain": 0.5,
      "p_occurence": 0.8,
      "time_elapsed": 1563,
      "choice": "immediate",
      "timelineType": "run_A"
    },
    {
      "rt": 8910,
      "delOpt": "19.9",
      "delay": 182.5,
      "immOpt": "10.0",
      "odds": 0.24999999999999994,
      "p_certain": 0.5,
      "p_occurence": 0.8,
      "time_elapsed": 8911,
      "choice": "delayed",
      "timelineType": "run_A"
    },
    {
      "rt": 2999,
      "delOpt": "244.5",
      "delay": 1095,
      "immOpt": "50.0",
      "odds": 0.24999999999999994,
      "p_certain": 0.5,
      "p_occurence": 0.8,
      "time_elapsed": 3001,
      "choice": "immediate",
      "timelineType": "run_A"
    },
    {
      "rt": 5795,
      "delOpt": "38.3",
      "delay": 182.5,
      "immOpt": "10.0",
      "odds": 1,
      "p_certain": 0.5,
      "p_occurence": 0.5,
      "time_elapsed": 5796,
      "choice": "delayed",
      "timelineType": "run_A"
    },
    {
      "rt": 6004,
      "delOpt": "106.4",
      "delay": 182.5,
      "immOpt": "10.0",
      "odds": 4,
      "p_certain": 0.5,
      "p_occurence": 0.2,
      "time_elapsed": 6004,
      "choice": "delayed",
      "timelineType": "run_A"
    },
    {
      "rt": 4855,
      "delOpt": "208.5",
      "delay": 182.5,
      "immOpt": "20.0",
      "odds": 4,
      "p_certain": 0.5,
      "p_occurence": 0.2,
      "time_elapsed": 4856,
      "choice": "delayed",
      "timelineType": "run_A"
    },
    {
      "rt": 9605,
      "delOpt": "271.3",
      "delay": 1095,
      "immOpt": "50.0",
      "odds": 0.24999999999999994,
      "p_certain": 0.5,
      "p_occurence": 0.8,
      "time_elapsed": 9606,
      "choice": "immediate",
      "timelineType": "run_A"
    },
    {
      "rt": 6245,
      "delOpt": "107.5",
      "delay": 182.5,
      "immOpt": "50.0",
      "odds": 0.24999999999999994,
      "p_certain": 0.5,
      "p_occurence": 0.8,
      "time_elapsed": 6246,
      "choice": "delayed",
      "timelineType": "run_A"
    },
    {
      "rt": 3797,
      "delOpt": "116.3",
      "delay": 1095,
      "immOpt": "20.0",
      "odds": 0.24999999999999994,
      "p_certain": 0.5,
      "p_occurence": 0.8,
      "time_elapsed": 3798,
      "choice": "immediate",
      "timelineType": "run_A"
    },
    {
      "rt": 5165,
      "delOpt": "293.1",
      "delay": 1095,
      "immOpt": "10.0",
      "odds": 4,
      "p_certain": 0.5,
      "p_occurence": 0.2,
      "time_elapsed": 5167,
      "choice": "delayed",
      "timelineType": "run_A"
    },
    {
      "rt": 8579,
      "delOpt": "73.8",
      "delay": 182.5,
      "immOpt": "20.0",
      "odds": 1,
      "p_certain": 0.5,
      "p_occurence": 0.5,
      "time_elapsed": 8580,
      "choice": "delayed",
      "timelineType": "run_A"
    },
    {
      "rt": 5272,
      "delOpt": "104.1",
      "delay": 182.5,
      "immOpt": "50.0",
      "odds": 0.24999999999999994,
      "p_certain": 0.5,
      "p_occurence": 0.8,
      "time_elapsed": 5273,
      "choice": "delayed",
      "timelineType": "run_A"
    },
    {
      "rt": 8265,
      "delOpt": "192.8",
      "delay": 1095,
      "immOpt": "20.0",
      "odds": 1,
      "p_certain": 0.5,
      "p_occurence": 0.5,
      "time_elapsed": 8265,
      "choice": "immediate",
      "timelineType": "run_A"
    },
    {
      "rt": 5178,
      "delOpt": "103.6",
      "delay": 182.5,
      "immOpt": "50.0",
      "odds": 0.24999999999999994,
      "p_certain": 0.5,
      "p_occurence": 0.8,
      "time_elapsed": 5180,
      "choice": "delayed",
      "timelineType": "run_A"
    },
    {
      "rt": null,
      "delOpt": "101.2",
      "delay": 182.5,
      "immOpt": "50.0",
      "odds": 0.24999999999999994,
      "p_certain": 0.5,
      "p_occurence": 0.8,
      "time_elapsed": 10016,
      "choice": "no answer",
      "timelineType": "run_A"
    },
    {
      "rt": 7212,
      "delOpt": "188.8",
      "delay": 182.5,
      "immOpt": "20.0",
      "odds": 4,
      "p_certain": 0.5,
      "p_occurence": 0.2,
      "time_elapsed": 7212,
      "choice": "delayed",
      "timelineType": "run_A"
    },
    {
      "rt": 5480,
      "delOpt": "186.6",
      "delay": 1095,
      "immOpt": "20.0",
      "odds": 1,
      "p_certain": 0.5,
      "p_occurence": 0.5,
      "time_elapsed": 5481,
      "choice": "immediate",
      "timelineType": "run_A"
    },
    {
      "rt": 4913,
      "delOpt": "102.0",
      "delay": 182.5,
      "immOpt": "50.0",
      "odds": 0.24999999999999994,
      "p_certain": 0.5,
      "p_occurence": 0.8,
      "time_elapsed": 4914,
      "choice": "delayed",
      "timelineType": "run_A"
    },
    {
      "rt": null,
      "delOpt": "134.2",
      "delay": 365,
      "immOpt": "50.0",
      "odds": 0.24999999999999994,
      "p_certain": 0.5,
      "p_occurence": 0.8,
      "time_elapsed": 10014,
      "choice": "no answer",
      "timelineType": "run_A"
    },
    {
      "rt": 4857,
      "delOpt": "271.6",
      "delay": 1095,
      "immOpt": "50.0",
      "odds": 0.24999999999999994,
      "p_certain": 0.5,
      "p_occurence": 0.8,
      "time_elapsed": 4858,
      "choice": "immediate",
      "timelineType": "run_A"
    },
    {
      "rt": 4742,
      "delOpt": "187.6",
      "delay": 182.5,
      "immOpt": "20.0",
      "odds": 4,
      "p_certain": 0.5,
      "p_occurence": 0.2,
      "time_elapsed": 4743,
      "choice": "delayed",
      "timelineType": "run_A"
    },
    {
      "rt": 4424,
      "delOpt": "69.0",
      "delay": 182.5,
      "immOpt": "20.0",
      "odds": 1,
      "p_certain": 0.5,
      "p_occurence": 0.5,
      "time_elapsed": 4424,
      "choice": "delayed",
      "timelineType": "run_A"
    },
    {
      "rt": 3764,
      "delOpt": "92.8",
      "delay": 365,
      "immOpt": "20.0",
      "odds": 1,
      "p_certain": 0.5,
      "p_occurence": 0.5,
      "time_elapsed": 3765,
      "choice": "delayed",
      "timelineType": "run_A"
    },
    {
      "rt": 2943,
      "delOpt": "45.3",
      "delay": 365,
      "immOpt": "10.0",
      "odds": 1,
      "p_certain": 0.5,
      "p_occurence": 0.5,
      "time_elapsed": 2944,
      "choice": "delayed",
      "timelineType": "run_A"
    },
    {
      "rt": 4244,
      "delOpt": "44.8",
      "delay": 365,
      "immOpt": "10.0",
      "odds": 1,
      "p_certain": 0.5,
      "p_occurence": 0.5,
      "time_elapsed": 4245,
      "choice": "delayed",
      "timelineType": "run_A"
    },
    {
      "rt": 6881,
      "delOpt": "181.9",
      "delay": 1095,
      "immOpt": "20.0",
      "odds": 1,
      "p_certain": 0.5,
      "p_occurence": 0.5,
      "time_elapsed": 6882,
      "choice": "delayed",
      "timelineType": "run_A"
    },
    {
      "rt": 8398,
      "delOpt": "131.4",
      "delay": 365,
      "immOpt": "50.0",
      "odds": 0.24999999999999994,
      "p_certain": 0.5,
      "p_occurence": 0.8,
      "time_elapsed": 8398,
      "choice": "delayed",
      "timelineType": "run_A"
    },
    {
      "rt": 2159,
      "delOpt": "95.1",
      "delay": 182.5,
      "immOpt": "50.0",
      "odds": 0.24999999999999994,
      "p_certain": 0.5,
      "p_occurence": 0.8,
      "time_elapsed": 2160,
      "choice": "delayed",
      "timelineType": "run_A"
    },
    {
      "rt": 3312,
      "delOpt": "40.3",
      "delay": 365,
      "immOpt": "10.0",
      "odds": 1,
      "p_certain": 0.5,
      "p_occurence": 0.5,
      "time_elapsed": 3314,
      "choice": "delayed",
      "timelineType": "run_A"
    },
    {
      "rt": 7609,
      "delOpt": "18.6",
      "delay": 182.5,
      "immOpt": "10.0",
      "odds": 0.24999999999999994,
      "p_certain": 0.5,
      "p_occurence": 0.8,
      "time_elapsed": 7610,
      "choice": "delayed",
      "timelineType": "run_A"
    },
    {
      "rt": 3674,
      "delOpt": "30.1",
      "delay": 182.5,
      "immOpt": "10.0",
      "odds": 1,
      "p_certain": 0.5,
      "p_occurence": 0.5,
      "time_elapsed": 3675,
      "choice": "delayed",
      "timelineType": "run_A"
    },
    {
      "rt": 6222,
      "delOpt": "75.5",
      "delay": 182.5,
      "immOpt": "10.0",
      "odds": 4,
      "p_certain": 0.5,
      "p_occurence": 0.2,
      "time_elapsed": 6222,
      "choice": "delayed",
      "timelineType": "run_A"
    },
    {
      "rt": 9160,
      "delOpt": "67.5",
      "delay": 30,
      "immOpt": "50.0",
      "odds": 0.24999999999999994,
      "p_certain": 0.5,
      "p_occurence": 0.8,
      "time_elapsed": 9160,
      "choice": "delayed",
      "timelineType": "run_A"
    },
    {
      "rt": 4360,
      "delOpt": "24.1",
      "delay": 365,
      "immOpt": "10.0",
      "odds": 0.24999999999999994,
      "p_certain": 0.5,
      "p_occurence": 0.8,
      "time_elapsed": 4361,
      "choice": "delayed",
      "timelineType": "run_A"
    },
    {
      "rt": 6060,
      "delOpt": "149.2",
      "delay": 1095,
      "immOpt": "20.0",
      "odds": 1,
      "p_certain": 0.5,
      "p_occurence": 0.5,
      "time_elapsed": 6061,
      "choice": "immediate",
      "timelineType": "run_A"
    },
    {
      "rt": 6923,
      "delOpt": "59.1",
      "delay": 182.5,
      "immOpt": "20.0",
      "odds": 1,
      "p_certain": 0.5,
      "p_occurence": 0.5,
      "time_elapsed": 6925,
      "choice": "delayed",
      "timelineType": "run_A"
    },
    {
      "rt": 4141,
      "delOpt": "120.8",
      "delay": 365,
      "immOpt": "50.0",
      "odds": 0.24999999999999994,
      "p_certain": 0.5,
      "p_occurence": 0.8,
      "time_elapsed": 4142,
      "choice": "delayed",
      "timelineType": "run_A"
    },
    {
      "rt": 3516,
      "delOpt": "13.3",
      "delay": 30,
      "immOpt": "10.0",
      "odds": 0.24999999999999994,
      "p_certain": 0.5,
      "p_occurence": 0.8,
      "time_elapsed": 3516,
      "choice": "immediate",
      "timelineType": "run_A"
    },
    {
      "rt": 6907,
      "delOpt": "89.8",
      "delay": 182.5,
      "immOpt": "50.0",
      "odds": 0.24999999999999994,
      "p_certain": 0.5,
      "p_occurence": 0.8,
      "time_elapsed": 6909,
      "choice": "delayed",
      "timelineType": "run_A"
    },
    {
      "rt": 7408,
      "delOpt": "52.0",
      "delay": 30,
      "immOpt": "10.0",
      "odds": 4,
      "p_certain": 0.5,
      "p_occurence": 0.2,
      "time_elapsed": 7409,
      "choice": "delayed",
      "timelineType": "run_A"
    },
    {
      "rt": 5772,
      "delOpt": "170.9",
      "delay": 1095,
      "immOpt": "10.0",
      "odds": 4,
      "p_certain": 0.5,
      "p_occurence": 0.2,
      "time_elapsed": 5773,
      "choice": "immediate",
      "timelineType": "run_A"
    },
    {
      "rt": 6329,
      "delOpt": "66.4",
      "delay": 30,
      "immOpt": "50.0",
      "odds": 0.24999999999999994,
      "p_certain": 0.5,
      "p_occurence": 0.8,
      "time_elapsed": 6330,
      "choice": "immediate",
      "timelineType": "run_A"
    },
    {
      "rt": null,
      "delOpt": "143.5",
      "delay": 1095,
      "immOpt": "20.0",
      "odds": 1,
      "p_certain": 0.5,
      "p_occurence": 0.5,
      "time_elapsed": 10005,
      "choice": "no answer",
      "timelineType": "run_A"
    },
    {
      "rt": 5386,
      "delOpt": "37.1",
      "delay": 365,
      "immOpt": "10.0",
      "odds": 1,
      "p_certain": 0.5,
      "p_occurence": 0.5,
      "time_elapsed": 5387,
      "choice": "immediate",
      "timelineType": "run_A"
    },
    {
      "rt": 3559,
      "delOpt": "187.1",
      "delay": 365,
      "immOpt": "20.0",
      "odds": 4,
      "p_certain": 0.5,
      "p_occurence": 0.2,
      "time_elapsed": 3559,
      "choice": "delayed",
      "timelineType": "run_A"
    },
    {
      "rt": 5719,
      "delOpt": "138.6",
      "delay": 182.5,
      "immOpt": "20.0",
      "odds": 4,
      "p_certain": 0.5,
      "p_occurence": 0.2,
      "time_elapsed": 5720,
      "choice": "delayed",
      "timelineType": "run_A"
    },
    {
      "rt": 6728,
      "delOpt": "17.6",
      "delay": 182.5,
      "immOpt": "10.0",
      "odds": 0.24999999999999994,
      "p_certain": 0.5,
      "p_occurence": 0.8,
      "time_elapsed": 6730,
      "choice": "immediate",
      "timelineType": "run_A"
    },
    {
      "rt": 5762,
      "delOpt": "46.0",
      "delay": 365,
      "immOpt": "20.0",
      "odds": 0.24999999999999994,
      "p_certain": 0.5,
      "p_occurence": 0.8,
      "time_elapsed": 5763,
      "choice": "immediate",
      "timelineType": "run_A"
    },
    {
      "rt": 8203,
      "delOpt": "353.4",
      "delay": 1095,
      "immOpt": "50.0",
      "odds": 1,
      "p_certain": 0.5,
      "p_occurence": 0.5,
      "time_elapsed": 8205,
      "choice": "delayed",
      "timelineType": "run_A"
    },
    {
      "rt": 6372,
      "delOpt": "53.3",
      "delay": 182.5,
      "immOpt": "20.0",
      "odds": 1,
      "p_certain": 0.5,
      "p_occurence": 0.5,
      "time_elapsed": 6374,
      "choice": "immediate",
      "timelineType": "run_A"
    },
    {
      "rt": 3283,
      "delOpt": "22.4",
      "delay": 365,
      "immOpt": "10.0",
      "odds": 0.24999999999999994,
      "p_certain": 0.5,
      "p_occurence": 0.8,
      "time_elapsed": 3284,
      "choice": "immediate",
      "timelineType": "run_A"
    },
    {
      "rt": 7709,
      "delOpt": "67.1",
      "delay": 1095,
      "immOpt": "10.0",
      "odds": 1,
      "p_certain": 0.5,
      "p_occurence": 0.5,
      "time_elapsed": 7710,
      "choice": "immediate",
      "timelineType": "run_A"
    },
    {
      "rt": null,
      "delOpt": "133.5",
      "delay": 182.5,
      "immOpt": "20.0",
      "odds": 4,
      "p_certain": 0.5,
      "p_occurence": 0.2,
      "time_elapsed": 10007,
      "choice": "no answer",
      "timelineType": "run_A"
    },
    {
      "rt": 7189,
      "delOpt": "87.3",
      "delay": 1095,
      "immOpt": "20.0",
      "odds": 0.24999999999999994,
      "p_certain": 0.5,
      "p_occurence": 0.8,
      "time_elapsed": 7191,
      "choice": "immediate",
      "timelineType": "run_A"
    },
    {
      "rt": 7290,
      "delOpt": "55.4",
      "delay": 182.5,
      "immOpt": "20.0",
      "odds": 1,
      "p_certain": 0.5,
      "p_occurence": 0.5,
      "time_elapsed": 7291,
      "choice": "delayed",
      "timelineType": "run_A"
    },
    {
      "rt": 9132,
      "delOpt": "68.8",
      "delay": 1095,
      "immOpt": "10.0",
      "odds": 1,
      "p_certain": 0.5,
      "p_occurence": 0.5,
      "time_elapsed": 9133,
      "choice": "delayed",
      "timelineType": "run_A"
    },
    {
      "rt": 4437,
      "delOpt": "218.7",
      "delay": 1095,
      "immOpt": "50.0",
      "odds": 0.24999999999999994,
      "p_certain": 0.5,
      "p_occurence": 0.8,
      "time_elapsed": 4438,
      "choice": "delayed",
      "timelineType": "run_A"
    },
    {
      "rt": 7411,
      "delOpt": "52.7",
      "delay": 182.5,
      "immOpt": "20.0",
      "odds": 1,
      "p_certain": 0.5,
      "p_occurence": 0.5,
      "time_elapsed": 7412,
      "choice": "delayed",
      "timelineType": "run_A"
    },
    {
      "rt": 8815,
      "delOpt": "64.8",
      "delay": 30,
      "immOpt": "50.0",
      "odds": 0.24999999999999994,
      "p_certain": 0.5,
      "p_occurence": 0.8,
      "time_elapsed": 8816,
      "choice": "delayed",
      "timelineType": "run_A"
    },
    {
      "rt": 3591,
      "delOpt": "84.2",
      "delay": 182.5,
      "immOpt": "50.0",
      "odds": 0.24999999999999994,
      "p_certain": 0.5,
      "p_occurence": 0.8,
      "time_elapsed": 3592,
      "choice": "immediate",
      "timelineType": "run_A"
    },
    {
      "rt": 3775,
      "delOpt": "127.1",
      "delay": 1095,
      "immOpt": "20.0",
      "odds": 1,
      "p_certain": 0.5,
      "p_occurence": 0.5,
      "time_elapsed": 3776,
      "choice": "delayed",
      "timelineType": "run_A"
    },
    {
      "rt": 8075,
      "delOpt": "107.6",
      "delay": 365,
      "immOpt": "50.0",
      "odds": 0.24999999999999994,
      "p_certain": 0.5,
      "p_occurence": 0.8,
      "time_elapsed": 8077,
      "choice": "immediate",
      "timelineType": "run_A"
    },
    {
      "rt": 8251,
      "delOpt": "64.9",
      "delay": 30,
      "immOpt": "50.0",
      "odds": 0.24999999999999994,
      "p_certain": 0.5,
      "p_occurence": 0.8,
      "time_elapsed": 8252,
      "choice": "immediate",
      "timelineType": "run_A"
    },
    {
      "rt": 5331,
      "delOpt": "53.2",
      "delay": 182.5,
      "immOpt": "20.0",
      "odds": 1,
      "p_certain": 0.5,
      "p_occurence": 0.5,
      "time_elapsed": 5333,
      "choice": "delayed",
      "timelineType": "run_A"
    },
    {
      "rt": 9424,
      "delOpt": "52.5",
      "delay": 182.5,
      "immOpt": "20.0",
      "odds": 1,
      "p_certain": 0.5,
      "p_occurence": 0.5,
      "time_elapsed": 9426,
      "choice": "delayed",
      "timelineType": "run_A"
    },
    {
      "rt": 7124,
      "delOpt": "84.9",
      "delay": 182.5,
      "immOpt": "50.0",
      "odds": 0.24999999999999994,
      "p_certain": 0.5,
      "p_occurence": 0.8,
      "time_elapsed": 7125,
      "choice": "delayed",
      "timelineType": "run_A"
    },
    {
      "rt": 4750,
      "delOpt": "33.6",
      "delay": 182.5,
      "immOpt": "20.0",
      "odds": 0.24999999999999994,
      "p_certain": 0.5,
      "p_occurence": 0.8,
      "time_elapsed": 4751,
      "choice": "immediate",
      "timelineType": "run_A"
    },
    {
      "rt": 3669,
      "delOpt": "33.7",
      "delay": 182.5,
      "immOpt": "20.0",
      "odds": 0.24999999999999994,
      "p_certain": 0.5,
      "p_occurence": 0.8,
      "time_elapsed": 3671,
      "choice": "immediate",
      "timelineType": "run_A"
    },
    {
      "rt": 8062,
      "delOpt": "33.9",
      "delay": 182.5,
      "immOpt": "20.0",
      "odds": 0.24999999999999994,
      "p_certain": 0.5,
      "p_occurence": 0.8,
      "time_elapsed": 8063,
      "choice": "immediate",
      "timelineType": "run_A"
    },
    {
      "rt": 7795,
      "delOpt": "85.1",
      "delay": 182.5,
      "immOpt": "50.0",
      "odds": 0.24999999999999994,
      "p_certain": 0.5,
      "p_occurence": 0.8,
      "time_elapsed": 7796,
      "choice": "delayed",
      "timelineType": "run_A"
    },
    {
      "rt": 4536,
      "delOpt": "61.5",
      "delay": 1095,
      "immOpt": "10.0",
      "odds": 1,
      "p_certain": 0.5,
      "p_occurence": 0.5,
      "time_elapsed": 4537,
      "choice": "immediate",
      "timelineType": "run_A"
    },
    {
      "rt": 4251,
      "delOpt": "148.2",
      "delay": 1095,
      "immOpt": "10.0",
      "odds": 4,
      "p_certain": 0.5,
      "p_occurence": 0.2,
      "time_elapsed": 4251,
      "choice": "delayed",
      "timelineType": "run_A"
    },
    {
      "rt": 5663,
      "delOpt": "120.3",
      "delay": 182.5,
      "immOpt": "20.0",
      "odds": 4,
      "p_certain": 0.5,
      "p_occurence": 0.2,
      "time_elapsed": 5664,
      "choice": "delayed",
      "timelineType": "run_A"
    },
    {
      "rt": 3668,
      "delOpt": "63.8",
      "delay": 30,
      "immOpt": "50.0",
      "odds": 0.24999999999999994,
      "p_certain": 0.5,
      "p_occurence": 0.8,
      "time_elapsed": 3668,
      "choice": "delayed",
      "timelineType": "run_A"
    },
    {
      "rt": 6210,
      "delOpt": "33.2",
      "delay": 182.5,
      "immOpt": "20.0",
      "odds": 0.24999999999999994,
      "p_certain": 0.5,
      "p_occurence": 0.8,
      "time_elapsed": 6211,
      "choice": "immediate",
      "timelineType": "run_A"
    },
    {
      "rt": 5212,
      "delOpt": "124.5",
      "delay": 182.5,
      "immOpt": "50.0",
      "odds": 1,
      "p_certain": 0.5,
      "p_occurence": 0.5,
      "time_elapsed": 5213,
      "choice": "immediate",
      "timelineType": "run_A"
    },
    {
      "rt": 6106,
      "delOpt": "109.0",
      "delay": 365,
      "immOpt": "50.0",
      "odds": 0.24999999999999994,
      "p_certain": 0.5,
      "p_occurence": 0.8,
      "time_elapsed": 6107,
      "choice": "delayed",
      "timelineType": "run_A"
    },
    {
      "rt": 6032,
      "delOpt": "83.3",
      "delay": 182.5,
      "immOpt": "50.0",
      "odds": 0.24999999999999994,
      "p_certain": 0.5,
      "p_occurence": 0.8,
      "time_elapsed": 6032,
      "choice": "immediate",
      "timelineType": "run_A"
    },
    {
      "rt": 7402,
      "delOpt": "84.3",
      "delay": 182.5,
      "immOpt": "50.0",
      "odds": 0.24999999999999994,
      "p_certain": 0.5,
      "p_occurence": 0.8,
      "time_elapsed": 7402,
      "choice": "immediate",
      "timelineType": "run_A"
    },
    {
      "rt": null,
      "delOpt": "25.9",
      "delay": 30,
      "immOpt": "20.0",
      "odds": 0.24999999999999994,
      "p_certain": 0.5,
      "p_occurence": 0.8,
      "time_elapsed": 10017,
      "choice": "no answer",
      "timelineType": "run_A"
    },
    {
      "rt": 6922,
      "delOpt": "127.4",
      "delay": 1095,
      "immOpt": "20.0",
      "odds": 1,
      "p_certain": 0.5,
      "p_occurence": 0.5,
      "time_elapsed": 6923,
      "choice": "delayed",
      "timelineType": "run_A"
    },
    {
      "rt": 6057,
      "delOpt": "308.8",
      "delay": 1095,
      "immOpt": "50.0",
      "odds": 1,
      "p_certain": 0.5,
      "p_occurence": 0.5,
      "time_elapsed": 6058,
      "choice": "delayed",
      "timelineType": "run_A"
    },
    {
      "rt": 4325,
      "delOpt": "222.9",
      "delay": 30,
      "immOpt": "50.0",
      "odds": 4,
      "p_certain": 0.5,
      "p_occurence": 0.2,
      "time_elapsed": 4327,
      "choice": "delayed",
      "timelineType": "run_A"
    },
    {
      "rt": 3341,
      "delOpt": "55.2",
      "delay": 1095,
      "immOpt": "10.0",
      "odds": 1,
      "p_certain": 0.5,
      "p_occurence": 0.5,
      "time_elapsed": 3342,
      "choice": "immediate",
      "timelineType": "run_A"
    },
    {
      "rt": 6281,
      "delOpt": "103.2",
      "delay": 365,
      "immOpt": "50.0",
      "odds": 0.24999999999999994,
      "p_certain": 0.5,
      "p_occurence": 0.8,
      "time_elapsed": 6282,
      "choice": "immediate",
      "timelineType": "run_A"
    },
    {
      "rt": 4981,
      "delOpt": "63.1",
      "delay": 30,
      "immOpt": "50.0",
      "odds": 0.24999999999999994,
      "p_certain": 0.5,
      "p_occurence": 0.8,
      "time_elapsed": 4982,
      "choice": "delayed",
      "timelineType": "run_A"
    },
    {
      "rt": 4009,
      "delOpt": "41.6",
      "delay": 30,
      "immOpt": "10.0",
      "odds": 4,
      "p_certain": 0.5,
      "p_occurence": 0.2,
      "time_elapsed": 4010,
      "choice": "delayed",
      "timelineType": "run_A"
    },
    {
      "rt": 2702,
      "delOpt": "47.7",
      "delay": 182.5,
      "immOpt": "20.0",
      "odds": 1,
      "p_certain": 0.5,
      "p_occurence": 0.5,
      "time_elapsed": 2702,
      "choice": "immediate",
      "timelineType": "run_A"
    },
    {
      "rt": 5391,
      "delOpt": "58.4",
      "delay": 1095,
      "immOpt": "10.0",
      "odds": 1,
      "p_certain": 0.5,
      "p_occurence": 0.5,
      "time_elapsed": 5391,
      "choice": "immediate",
      "timelineType": "run_A"
    },
    {
      "rt": 6578,
      "delOpt": "48.6",
      "delay": 182.5,
      "immOpt": "20.0",
      "odds": 1,
      "p_certain": 0.5,
      "p_occurence": 0.5,
      "time_elapsed": 6579,
      "choice": "delayed",
      "timelineType": "run_A"
    },
    {
      "rt": 9091,
      "delOpt": "82.5",
      "delay": 182.5,
      "immOpt": "50.0",
      "odds": 0.24999999999999994,
      "p_certain": 0.5,
      "p_occurence": 0.8,
      "time_elapsed": 9092,
      "choice": "delayed",
      "timelineType": "run_A"
    },
    {
      "rt": 5011,
      "delOpt": "32.6",
      "delay": 182.5,
      "immOpt": "20.0",
      "odds": 0.24999999999999994,
      "p_certain": 0.5,
      "p_occurence": 0.8,
      "time_elapsed": 5012,
      "choice": "immediate",
      "timelineType": "run_A"
    },
    {
      "rt": 4037,
      "delOpt": "119.2",
      "delay": 182.5,
      "immOpt": "50.0",
      "odds": 1,
      "p_certain": 0.5,
      "p_occurence": 0.5,
      "time_elapsed": 4038,
      "choice": "delayed",
      "timelineType": "run_A"
    },
    {
      "rt": 3010,
      "delOpt": "16.2",
      "delay": 182.5,
      "immOpt": "10.0",
      "odds": 0.24999999999999994,
      "p_certain": 0.5,
      "p_occurence": 0.8,
      "time_elapsed": 3011,
      "choice": "immediate",
      "timelineType": "run_A"
    },
    {
      "rt": 2662,
      "delOpt": "32.4",
      "delay": 182.5,
      "immOpt": "20.0",
      "odds": 0.24999999999999994,
      "p_certain": 0.5,
      "p_occurence": 0.8,
      "time_elapsed": 2663,
      "choice": "immediate",
      "timelineType": "run_A"
    },
    {
      "rt": 5215,
      "delOpt": "104.1",
      "delay": 365,
      "immOpt": "50.0",
      "odds": 0.24999999999999994,
      "p_certain": 0.5,
      "p_occurence": 0.8,
      "time_elapsed": 5216,
      "choice": "immediate",
      "timelineType": "run_A"
    },
    {
      "rt": 8451,
      "delOpt": "47.7",
      "delay": 182.5,
      "immOpt": "20.0",
      "odds": 1,
      "p_certain": 0.5,
      "p_occurence": 0.5,
      "time_elapsed": 8452,
      "choice": "immediate",
      "timelineType": "run_A"
    },
    {
      "rt": 4696,
      "delOpt": "48.3",
      "delay": 182.5,
      "immOpt": "20.0",
      "odds": 1,
      "p_certain": 0.5,
      "p_occurence": 0.5,
      "time_elapsed": 4697,
      "choice": "delayed",
      "timelineType": "run_A"
    },
    {
      "rt": 7213,
      "delOpt": "47.7",
      "delay": 182.5,
      "immOpt": "20.0",
      "odds": 1,
      "p_certain": 0.5,
      "p_occurence": 0.5,
      "time_elapsed": 7214,
      "choice": "immediate",
      "timelineType": "run_A"
    },
    {
      "rt": 4461,
      "delOpt": "119.0",
      "delay": 1095,
      "immOpt": "20.0",
      "odds": 1,
      "p_certain": 0.5,
      "p_occurence": 0.5,
      "time_elapsed": 4463,
      "choice": "delayed",
      "timelineType": "run_A"
    },
    {
      "rt": 9006,
      "delOpt": "16.4",
      "delay": 182.5,
      "immOpt": "10.0",
      "odds": 0.24999999999999994,
      "p_certain": 0.5,
      "p_occurence": 0.8,
      "time_elapsed": 9007,
      "choice": "immediate",
      "timelineType": "run_A"
    },
    {
      "rt": null,
      "delOpt": "47.7",
      "delay": 182.5,
      "immOpt": "20.0",
      "odds": 1,
      "p_certain": 0.5,
      "p_occurence": 0.5,
      "time_elapsed": 10015,
      "choice": "no answer",
      "timelineType": "run_A"
    },
    {
      "rt": 4689,
      "delOpt": "90.5",
      "delay": 30,
      "immOpt": "50.0",
      "odds": 1,
      "p_certain": 0.5,
      "p_occurence": 0.5,
      "time_elapsed": 4690,
      "choice": "delayed",
      "timelineType": "run_A"
    },
    {
      "rt": 3863,
      "delOpt": "35.5",
      "delay": 30,
      "immOpt": "20.0",
      "odds": 1,
      "p_certain": 0.5,
      "p_occurence": 0.5,
      "time_elapsed": 3864,
      "choice": "delayed",
      "timelineType": "run_A"
    },
    {
      "rt": 3884,
      "delOpt": "23.2",
      "delay": 182.5,
      "immOpt": "10.0",
      "odds": 1,
      "p_certain": 0.5,
      "p_occurence": 0.5,
      "time_elapsed": 3884,
      "choice": "immediate",
      "timelineType": "run_A"
    },
    {
      "rt": 3110,
      "delOpt": "328.4",
      "delay": 365,
      "immOpt": "50.0",
      "odds": 4,
      "p_certain": 0.5,
      "p_occurence": 0.2,
      "time_elapsed": 3111,
      "choice": "delayed",
      "timelineType": "run_A"
    },
    {
      "rt": 3143,
      "delOpt": "16.0",
      "delay": 182.5,
      "immOpt": "10.0",
      "odds": 0.24999999999999994,
      "p_certain": 0.5,
      "p_occurence": 0.8,
      "time_elapsed": 3144,
      "choice": "immediate",
      "timelineType": "run_A"
    },
    {
      "rt": 5852,
      "delOpt": "32.1",
      "delay": 182.5,
      "immOpt": "20.0",
      "odds": 0.24999999999999994,
      "p_certain": 0.5,
      "p_occurence": 0.8,
      "time_elapsed": 5853,
      "choice": "immediate",
      "timelineType": "run_A"
    },
    {
      "rt": 7077,
      "delOpt": "80.5",
      "delay": 182.5,
      "immOpt": "50.0",
      "odds": 0.24999999999999994,
      "p_certain": 0.5,
      "p_occurence": 0.8,
      "time_elapsed": 7078,
      "choice": "immediate",
      "timelineType": "run_A"
    },
    {
      "rt": null,
      "delOpt": "22.8",
      "delay": 182.5,
      "immOpt": "10.0",
      "odds": 1,
      "p_certain": 0.5,
      "p_occurence": 0.5,
      "time_elapsed": 10014,
      "choice": "no answer",
      "timelineType": "run_A"
    },
    {
      "rt": 8947,
      "delOpt": "29.5",
      "delay": 365,
      "immOpt": "10.0",
      "odds": 1,
      "p_certain": 0.5,
      "p_occurence": 0.5,
      "time_elapsed": 8948,
      "choice": "immediate",
      "timelineType": "run_A"
    },
    {
      "rt": 5891,
      "delOpt": "56.7",
      "delay": 1095,
      "immOpt": "10.0",
      "odds": 1,
      "p_certain": 0.5,
      "p_occurence": 0.5,
      "time_elapsed": 5892,
      "choice": "immediate",
      "timelineType": "run_A"
    },
    {
      "rt": 3464,
      "delOpt": "32.9",
      "delay": 182.5,
      "immOpt": "20.0",
      "odds": 0.24999999999999994,
      "p_certain": 0.5,
      "p_occurence": 0.8,
      "time_elapsed": 3466,
      "choice": "immediate",
      "timelineType": "run_A"
    },
    {
      "rt": 3354,
      "delOpt": "16.5",
      "delay": 182.5,
      "immOpt": "10.0",
      "odds": 0.24999999999999994,
      "p_certain": 0.5,
      "p_occurence": 0.8,
      "time_elapsed": 3354,
      "choice": "immediate",
      "timelineType": "run_A"
    },
    {
      "rt": 4758,
      "delOpt": "82.9",
      "delay": 182.5,
      "immOpt": "50.0",
      "odds": 0.24999999999999994,
      "p_certain": 0.5,
      "p_occurence": 0.8,
      "time_elapsed": 4758,
      "choice": "immediate",
      "timelineType": "run_A"
    },
    {
      "rt": 7632,
      "delOpt": "118.5",
      "delay": 182.5,
      "immOpt": "50.0",
      "odds": 1,
      "p_certain": 0.5,
      "p_occurence": 0.5,
      "time_elapsed": 7633,
      "choice": "delayed",
      "timelineType": "run_A"
    },
    {
      "rt": 5550,
      "delOpt": "58.1",
      "delay": 1095,
      "immOpt": "10.0",
      "odds": 1,
      "p_certain": 0.5,
      "p_occurence": 0.5,
      "time_elapsed": 5551,
      "choice": "immediate",
      "timelineType": "run_A"
    },
    {
      "rt": 2932,
      "delOpt": "33.3",
      "delay": 182.5,
      "immOpt": "20.0",
      "odds": 0.24999999999999994,
      "p_certain": 0.5,
      "p_occurence": 0.8,
      "time_elapsed": 2933,
      "choice": "immediate",
      "timelineType": "run_A"
    }
  ],
  "run_B": [
    {
      "delOpt": 50.1,
      "delay": 182.5,
      "immOpt": 50,
      "odds": 4,
      "p_certain": 0.65,
      "p_occurence": 0.2
    },
    {
      "delOpt": 73.5471127203,
      "delay": 30,
      "immOpt": 50,
      "odds": 0,
      "p_certain": 0.45,
      "p_occurence": 0
    },
    {
      "delOpt": 298.2105310866,
      "delay": 182.5,
      "immOpt": 50,
      "odds": 1.5,
      "p_certain": 0.35,
      "p_occurence": 0.4
    },
    {
      "delOpt": 182.5724087684,
      "delay": 365,
      "immOpt": 50,
      "odds": 1.5,
      "p_certain": 0.5,
      "p_occurence": 0.4
    },
    {
      "delOpt": 77.483651573,
      "delay": 365,
      "immOpt": 50,
      "odds": 0,
      "p_certain": 0.525,
      "p_occurence": 0
    },
    {
      "delOpt": 81.9874563353,
      "delay": 1095,
      "immOpt": 50,
      "odds": 0,
      "p_certain": 0.575,
      "p_occurence": 0
    },
    {
      "delOpt": 50.1,
      "delay": 1095,
      "immOpt": 50,
      "odds": 0,
      "p_certain": 0.625,
      "p_occurence": 0
    },
    {
      "delOpt": 50.1,
      "delay": 1095,
      "immOpt": 50,
      "odds": 0.6666666667,
      "p_certain": 0.65,
      "p_occurence": 0.6
    },
    {
      "delOpt": 79.0037598486,
      "delay": 0,
      "immOpt": 50,
      "odds": 0.25,
      "p_certain": 0.45,
      "p_occurence": 0.8
    },
    {
      "delOpt": 328.5321179396,
      "delay": 365,
      "immOpt": 50,
      "odds": 4,
      "p_certain": 0.5,
      "p_occurence": 0.2
    },
    {
      "delOpt": 186.5129274169,
      "delay": 0,
      "immOpt": 50,
      "odds": 1.5,
      "p_certain": 0.375,
      "p_occurence": 0.4
    },
    {
      "delOpt": 205.6672815112,
      "delay": 0,
      "immOpt": 50,
      "odds": 1.5,
      "p_certain": 0.35,
      "p_occurence": 0.4
    },
    {
      "delOpt": 50.1,
      "delay": 0,
      "immOpt": 50,
      "odds": 4,
      "p_certain": 0.65,
      "p_occurence": 0.2
    },
    {
      "delOpt": 50.1,
      "delay": 30,
      "immOpt": 50,
      "odds": 0,
      "p_certain": 0.575,
      "p_occurence": 0
    },
    {
      "delOpt": 89.7999080312,
      "delay": 0,
      "immOpt": 50,
      "odds": 0.25,
      "p_certain": 0.425,
      "p_occurence": 0.8
    },
    {
      "delOpt": 179.0065322928,
      "delay": 182.5,
      "immOpt": 50,
      "odds": 0.25,
      "p_certain": 0.35,
      "p_occurence": 0.8
    },
    {
      "delOpt": 253.3683466134,
      "delay": 1095,
      "immOpt": 50,
      "odds": 0,
      "p_certain": 0.45,
      "p_occurence": 0
    },
    {
      "delOpt": 50.1,
      "delay": 0,
      "immOpt": 50,
      "odds": 0.6666666667,
      "p_certain": 0.55,
      "p_occurence": 0.6
    },
    {
      "delOpt": 57.6823662575,
      "delay": 0,
      "immOpt": 50,
      "odds": 0.25,
      "p_certain": 0.5,
      "p_occurence": 0.8
    },
    {
      "delOpt": 123.1300610791,
      "delay": 0,
      "immOpt": 50,
      "odds": 0.6666666667,
      "p_certain": 0.4,
      "p_occurence": 0.6
    },
    {
      "delOpt": 50.1,
      "delay": 365,
      "immOpt": 50,
      "odds": 1.5,
      "p_certain": 0.65,
      "p_occurence": 0.4
    },
    {
      "delOpt": 50.1,
      "delay": 0,
      "immOpt": 50,
      "odds": 0.25,
      "p_certain": 0.525,
      "p_occurence": 0.8
    },
    {
      "delOpt": 103.2019957276,
      "delay": 30,
      "immOpt": 50,
      "odds": 1.5,
      "p_certain": 0.5,
      "p_occurence": 0.4
    },
    {
      "delOpt": 639.7606335793,
      "delay": 1095,
      "immOpt": 50,
      "odds": 4,
      "p_certain": 0.5,
      "p_occurence": 0.2
    },
    {
      "delOpt": 114.9288282361,
      "delay": 30,
      "immOpt": 50,
      "odds": 0,
      "p_certain": 0.35,
      "p_occurence": 0
    },
    {
      "delOpt": 126.6447211431,
      "delay": 182.5,
      "immOpt": 50,
      "odds": 0,
      "p_certain": 0.4,
      "p_occurence": 0
    },
    {
      "delOpt": 102.202741199,
      "delay": 182.5,
      "immOpt": 50,
      "odds": 0.6666666667,
      "p_certain": 0.5,
      "p_occurence": 0.6
    },
    {
      "delOpt": 141.0398854746,
      "delay": 0,
      "immOpt": 50,
      "odds": 4,
      "p_certain": 0.525,
      "p_occurence": 0.2
    },
    {
      "delOpt": 50.1,
      "delay": 30,
      "immOpt": 50,
      "odds": 0,
      "p_certain": 0.65,
      "p_occurence": 0
    },
    {
      "delOpt": 50.1,
      "delay": 0,
      "immOpt": 50,
      "odds": 0.6666666667,
      "p_certain": 0.6,
      "p_occurence": 0.6
    },
    {
      "delOpt": 112.8653407176,
      "delay": 182.5,
      "immOpt": 50,
      "odds": 0,
      "p_certain": 0.425,
      "p_occurence": 0
    },
    {
      "delOpt": 359.0537270538,
      "delay": 1095,
      "immOpt": 50,
      "odds": 0,
      "p_certain": 0.375,
      "p_occurence": 0
    },
    {
      "delOpt": 136.8095926759,
      "delay": 0,
      "immOpt": 50,
      "odds": 0.6666666667,
      "p_certain": 0.375,
      "p_occurence": 0.6
    },
    {
      "delOpt": 50.1,
      "delay": 365,
      "immOpt": 50,
      "odds": 0,
      "p_certain": 0.625,
      "p_occurence": 0
    },
    {
      "delOpt": 50.1,
      "delay": 365,
      "immOpt": 50,
      "odds": 4,
      "p_certain": 0.65,
      "p_occurence": 0.2
    },
    {
      "delOpt": 147.8906812258,
      "delay": 365,
      "immOpt": 50,
      "odds": 0,
      "p_certain": 0.425,
      "p_occurence": 0
    },
    {
      "delOpt": 50.1,
      "delay": 1095,
      "immOpt": 50,
      "odds": 0,
      "p_certain": 0.65,
      "p_occurence": 0
    },
    {
      "delOpt": 132.5873352772,
      "delay": 30,
      "immOpt": 50,
      "odds": 0.25,
      "p_certain": 0.35,
      "p_occurence": 0.8
    },
    {
      "delOpt": 355.5288312153,
      "delay": 1095,
      "immOpt": 50,
      "odds": 1.5,
      "p_certain": 0.5,
      "p_occurence": 0.4
    },
    {
      "delOpt": 50.1,
      "delay": 30,
      "immOpt": 50,
      "odds": 0,
      "p_certain": 0.625,
      "p_occurence": 0
    },
    {
      "delOpt": 50.1,
      "delay": 0,
      "immOpt": 50,
      "odds": 4,
      "p_certain": 0.6,
      "p_occurence": 0.2
    },
    {
      "delOpt": 72.4982916328,
      "delay": 182.5,
      "immOpt": 50,
      "odds": 0,
      "p_certain": 0.5,
      "p_occurence": 0
    },
    {
      "delOpt": 50.1,
      "delay": 1095,
      "immOpt": 50,
      "odds": 4,
      "p_certain": 0.65,
      "p_occurence": 0.2
    },
    {
      "delOpt": 390.7537806619,
      "delay": 365,
      "immOpt": 50,
      "odds": 1.5,
      "p_certain": 0.35,
      "p_occurence": 0.4
    },
    {
      "delOpt": 50.1,
      "delay": 30,
      "immOpt": 50,
      "odds": 0,
      "p_certain": 0.55,
      "p_occurence": 0
    },
    {
      "delOpt": 50.1,
      "delay": 182.5,
      "immOpt": 50,
      "odds": 1.5,
      "p_certain": 0.65,
      "p_occurence": 0.4
    },
    {
      "delOpt": 61.9489570459,
      "delay": 30,
      "immOpt": 50,
      "odds": 0.25,
      "p_certain": 0.5,
      "p_occurence": 0.8
    },
    {
      "delOpt": 218.7411985574,
      "delay": 182.5,
      "immOpt": 50,
      "odds": 0.6666666667,
      "p_certain": 0.35,
      "p_occurence": 0.6
    },
    {
      "delOpt": 558.1494222837,
      "delay": 1095,
      "immOpt": 50,
      "odds": 0.6666666667,
      "p_certain": 0.35,
      "p_occurence": 0.6
    },
    {
      "delOpt": 50.1,
      "delay": 182.5,
      "immOpt": 50,
      "odds": 0,
      "p_certain": 0.575,
      "p_occurence": 0
    },
    {
      "delOpt": 150.8595538121,
      "delay": 0,
      "immOpt": 50,
      "odds": 0.6666666667,
      "p_certain": 0.35,
      "p_occurence": 0.6
    },
    {
      "delOpt": 50.1,
      "delay": 182.5,
      "immOpt": 50,
      "odds": 0,
      "p_certain": 0.6,
      "p_occurence": 0
    },
    {
      "delOpt": 703.1465927397,
      "delay": 365,
      "immOpt": 50,
      "odds": 4,
      "p_certain": 0.35,
      "p_occurence": 0.2
    },
    {
      "delOpt": 220.8798704825,
      "delay": 30,
      "immOpt": 50,
      "odds": 1.5,
      "p_certain": 0.35,
      "p_occurence": 0.4
    },
    {
      "delOpt": 162.0181803456,
      "delay": 30,
      "immOpt": 50,
      "odds": 0.6666666667,
      "p_certain": 0.35,
      "p_occurence": 0.6
    },
    {
      "delOpt": 50.1,
      "delay": 0,
      "immOpt": 50,
      "odds": 1.5,
      "p_certain": 0.6,
      "p_occurence": 0.4
    },
    {
      "delOpt": 59.1329937921,
      "delay": 182.5,
      "immOpt": 50,
      "odds": 0,
      "p_certain": 0.525,
      "p_occurence": 0
    },
    {
      "delOpt": 250.7249890297,
      "delay": 182.5,
      "immOpt": 50,
      "odds": 4,
      "p_certain": 0.5,
      "p_occurence": 0.2
    },
    {
      "delOpt": 370.0904646083,
      "delay": 0,
      "immOpt": 50,
      "odds": 4,
      "p_certain": 0.35,
      "p_occurence": 0.2
    },
    {
      "delOpt": 85.8635894736,
      "delay": 182.5,
      "immOpt": 50,
      "odds": 0,
      "p_certain": 0.475,
      "p_occurence": 0
    },
    {
      "delOpt": 50.1,
      "delay": 0,
      "immOpt": 50,
      "odds": 0.25,
      "p_certain": 0.625,
      "p_occurence": 0.8
    },
    {
      "delOpt": 165.9461971622,
      "delay": 365,
      "immOpt": 50,
      "odds": 0,
      "p_certain": 0.4,
      "p_occurence": 0
    },
    {
      "delOpt": 75.6999699398,
      "delay": 30,
      "immOpt": 50,
      "odds": 0.6666666667,
      "p_certain": 0.5,
      "p_occurence": 0.6
    },
    {
      "delOpt": 184.3825256067,
      "delay": 365,
      "immOpt": 50,
      "odds": 0,
      "p_certain": 0.375,
      "p_occurence": 0
    },
    {
      "delOpt": 1369.2588490025,
      "delay": 1095,
      "immOpt": 50,
      "odds": 4,
      "p_certain": 0.35,
      "p_occurence": 0.2
    },
    {
      "delOpt": 113.8094780299,
      "delay": 0,
      "immOpt": 50,
      "odds": 1.5,
      "p_certain": 0.475,
      "p_occurence": 0.4
    },
    {
      "delOpt": 149.5994471403,
      "delay": 0,
      "immOpt": 50,
      "odds": 1.5,
      "p_certain": 0.425,
      "p_occurence": 0.4
    },
    {
      "delOpt": 104.2251934357,
      "delay": 30,
      "immOpt": 50,
      "odds": 0,
      "p_certain": 0.375,
      "p_occurence": 0
    },
    {
      "delOpt": 68.3162996624,
      "delay": 0,
      "immOpt": 50,
      "odds": 0.25,
      "p_certain": 0.475,
      "p_occurence": 0.8
    },
    {
      "delOpt": 111.9579253054,
      "delay": 0,
      "immOpt": 50,
      "odds": 0.25,
      "p_certain": 0.375,
      "p_occurence": 0.8
    },
    {
      "delOpt": 50.1,
      "delay": 1095,
      "immOpt": 50,
      "odds": 0.25,
      "p_certain": 0.65,
      "p_occurence": 0.8
    },
    {
      "delOpt": 335.6229316398,
      "delay": 0,
      "immOpt": 50,
      "odds": 4,
      "p_certain": 0.375,
      "p_occurence": 0.2
    },
    {
      "delOpt": 123.4556899626,
      "delay": 0,
      "immOpt": 50,
      "odds": 0.25,
      "p_certain": 0.35,
      "p_occurence": 0.8
    },
    {
      "delOpt": 139.3333031566,
      "delay": 182.5,
      "immOpt": 50,
      "odds": 1.5,
      "p_certain": 0.5,
      "p_occurence": 0.4
    },
    {
      "delOpt": 50.1,
      "delay": 0,
      "immOpt": 50,
      "odds": 0.6666666667,
      "p_certain": 0.625,
      "p_occurence": 0.6
    },
    {
      "delOpt": 50.1,
      "delay": 0,
      "immOpt": 50,
      "odds": 4,
      "p_certain": 0.625,
      "p_occurence": 0.2
    },
    {
      "delOpt": 96.5404831794,
      "delay": 0,
      "immOpt": 50,
      "odds": 0.6666666667,
      "p_certain": 0.45,
      "p_occurence": 0.6
    },
    {
      "delOpt": 94.9965832656,
      "delay": 365,
      "immOpt": 50,
      "odds": 0,
      "p_certain": 0.5,
      "p_occurence": 0
    },
    {
      "delOpt": 323.1521012387,
      "delay": 1095,
      "immOpt": 50,
      "odds": 0,
      "p_certain": 0.4,
      "p_occurence": 0
    },
    {
      "delOpt": 140.7147252449,
      "delay": 182.5,
      "immOpt": 50,
      "odds": 0,
      "p_certain": 0.375,
      "p_occurence": 0
    },
    {
      "delOpt": 395.9275369399,
      "delay": 1095,
      "immOpt": 50,
      "odds": 0,
      "p_certain": 0.35,
      "p_occurence": 0
    },
    {
      "delOpt": 63.5978161233,
      "delay": 30,
      "immOpt": 50,
      "odds": 0,
      "p_certain": 0.475,
      "p_occurence": 0
    },
    {
      "delOpt": 109.5925541828,
      "delay": 365,
      "immOpt": 50,
      "odds": 0.25,
      "p_certain": 0.5,
      "p_occurence": 0.8
    },
    {
      "delOpt": 78.3789170599,
      "delay": 0,
      "immOpt": 50,
      "odds": 1.5,
      "p_certain": 0.525,
      "p_occurence": 0.4
    },
    {
      "delOpt": 172.9178601197,
      "delay": 0,
      "immOpt": 50,
      "odds": 4,
      "p_certain": 0.5,
      "p_occurence": 0.2
    },
    {
      "delOpt": 99.296162644,
      "delay": 182.5,
      "immOpt": 50,
      "odds": 0,
      "p_certain": 0.45,
      "p_occurence": 0
    },
    {
      "delOpt": 456.7607439438,
      "delay": 1095,
      "immOpt": 50,
      "odds": 0.25,
      "p_certain": 0.35,
      "p_occurence": 0.8
    },
    {
      "delOpt": 219.0932168971,
      "delay": 1095,
      "immOpt": 50,
      "odds": 0,
      "p_certain": 0.475,
      "p_occurence": 0
    },
    {
      "delOpt": 269.1985253586,
      "delay": 0,
      "immOpt": 50,
      "odds": 4,
      "p_certain": 0.425,
      "p_occurence": 0.2
    },
    {
      "delOpt": 83.4806924515,
      "delay": 0,
      "immOpt": 50,
      "odds": 0.6666666667,
      "p_certain": 0.475,
      "p_occurence": 0.6
    },
    {
      "delOpt": 59.8825670934,
      "delay": 365,
      "immOpt": 50,
      "odds": 0,
      "p_certain": 0.55,
      "p_occurence": 0
    },
    {
      "delOpt": 50.1,
      "delay": 182.5,
      "immOpt": 50,
      "odds": 0,
      "p_certain": 0.65,
      "p_occurence": 0
    },
    {
      "delOpt": 112.5095149583,
      "delay": 365,
      "immOpt": 50,
      "odds": 0,
      "p_certain": 0.475,
      "p_occurence": 0
    },
    {
      "delOpt": 286.6228433027,
      "delay": 365,
      "immOpt": 50,
      "odds": 0.6666666667,
      "p_certain": 0.35,
      "p_occurence": 0.6
    },
    {
      "delOpt": 50.1,
      "delay": 0,
      "immOpt": 50,
      "odds": 0.25,
      "p_certain": 0.575,
      "p_occurence": 0.8
    },
    {
      "delOpt": 109.0014504133,
      "delay": 0,
      "immOpt": 50,
      "odds": 4,
      "p_certain": 0.55,
      "p_occurence": 0.2
    },
    {
      "delOpt": 50.1,
      "delay": 30,
      "immOpt": 50,
      "odds": 4,
      "p_certain": 0.65,
      "p_occurence": 0.2
    },
    {
      "delOpt": 50.1,
      "delay": 182.5,
      "immOpt": 50,
      "odds": 0,
      "p_certain": 0.55,
      "p_occurence": 0
    },
    {
      "delOpt": 203.3180934152,
      "delay": 365,
      "immOpt": 50,
      "odds": 0,
      "p_certain": 0.35,
      "p_occurence": 0
    },
    {
      "delOpt": 260.784897094,
      "delay": 1095,
      "immOpt": 50,
      "odds": 0.6666666667,
      "p_certain": 0.5,
      "p_occurence": 0.6
    },
    {
      "delOpt": 76.6371948809,
      "delay": 0,
      "immOpt": 50,
      "odds": 4,
      "p_certain": 0.575,
      "p_occurence": 0.2
    },
    {
      "delOpt": 50.1,
      "delay": 0,
      "immOpt": 50,
      "odds": 0.25,
      "p_certain": 0.6,
      "p_occurence": 0.8
    },
    {
      "delOpt": 155.1657325341,
      "delay": 182.5,
      "immOpt": 50,
      "odds": 0,
      "p_certain": 0.35,
      "p_occurence": 0
    },
    {
      "delOpt": 50.1,
      "delay": 30,
      "immOpt": 50,
      "odds": 0,
      "p_certain": 0.6,
      "p_occurence": 0
    },
    {
      "delOpt": 100.7633011071,
      "delay": 0,
      "immOpt": 50,
      "odds": 0.25,
      "p_certain": 0.4,
      "p_occurence": 0.8
    },
    {
      "delOpt": 130.1105994379,
      "delay": 365,
      "immOpt": 50,
      "odds": 0,
      "p_certain": 0.45,
      "p_occurence": 0
    },
    {
      "delOpt": 53.6983493095,
      "delay": 30,
      "immOpt": 50,
      "odds": 0,
      "p_certain": 0.5,
      "p_occurence": 0
    },
    {
      "delOpt": 50.1,
      "delay": 182.5,
      "immOpt": 50,
      "odds": 0.25,
      "p_certain": 0.65,
      "p_occurence": 0.8
    },
    {
      "delOpt": 150.8862826967,
      "delay": 1095,
      "immOpt": 50,
      "odds": 0,
      "p_certain": 0.525,
      "p_occurence": 0
    },
    {
      "delOpt": 50.1,
      "delay": 365,
      "immOpt": 50,
      "odds": 0,
      "p_certain": 0.65,
      "p_occurence": 0
    },
    {
      "delOpt": 50.1,
      "delay": 30,
      "immOpt": 50,
      "odds": 0.6666666667,
      "p_certain": 0.65,
      "p_occurence": 0.6
    },
    {
      "delOpt": 50.1,
      "delay": 1095,
      "immOpt": 50,
      "odds": 0,
      "p_certain": 0.6,
      "p_occurence": 0
    },
    {
      "delOpt": 50.1,
      "delay": 30,
      "immOpt": 50,
      "odds": 0,
      "p_certain": 0.525,
      "p_occurence": 0
    },
    {
      "delOpt": 50.1,
      "delay": 365,
      "immOpt": 50,
      "odds": 0.6666666667,
      "p_certain": 0.65,
      "p_occurence": 0.6
    },
    {
      "delOpt": 50.1,
      "delay": 365,
      "immOpt": 50,
      "odds": 0.25,
      "p_certain": 0.65,
      "p_occurence": 0.8
    },
    {
      "delOpt": 93.8037617298,
      "delay": 30,
      "immOpt": 50,
      "odds": 0,
      "p_certain": 0.4,
      "p_occurence": 0
    },
    {
      "delOpt": 302.064140855,
      "delay": 0,
      "immOpt": 50,
      "odds": 4,
      "p_certain": 0.4,
      "p_occurence": 0.2
    },
    {
      "delOpt": 50.1,
      "delay": 0,
      "immOpt": 50,
      "odds": 1.5,
      "p_certain": 0.625,
      "p_occurence": 0.4
    },
    {
      "delOpt": 287.9920432586,
      "delay": 1095,
      "immOpt": 50,
      "odds": 0,
      "p_certain": 0.425,
      "p_occurence": 0
    },
    {
      "delOpt": 83.5975904299,
      "delay": 30,
      "immOpt": 50,
      "odds": 0,
      "p_certain": 0.425,
      "p_occurence": 0
    },
    {
      "delOpt": 50.1,
      "delay": 365,
      "immOpt": 50,
      "odds": 0,
      "p_certain": 0.575,
      "p_occurence": 0
    },
    {
      "delOpt": 184.9897497969,
      "delay": 1095,
      "immOpt": 50,
      "odds": 0,
      "p_certain": 0.5,
      "p_occurence": 0
    },
    {
      "delOpt": 760.9267789634,
      "delay": 1095,
      "immOpt": 50,
      "odds": 1.5,
      "p_certain": 0.35,
      "p_occurence": 0.4
    },
    {
      "delOpt": 133.919172378,
      "delay": 365,
      "immOpt": 50,
      "odds": 0.6666666667,
      "p_certain": 0.5,
      "p_occurence": 0.6
    },
    {
      "delOpt": 50.1,
      "delay": 365,
      "immOpt": 50,
      "odds": 0,
      "p_certain": 0.6,
      "p_occurence": 0
    },
    {
      "delOpt": 50.1,
      "delay": 182.5,
      "immOpt": 50,
      "odds": 0,
      "p_certain": 0.625,
      "p_occurence": 0
    },
    {
      "delOpt": 116.6111529804,
      "delay": 1095,
      "immOpt": 50,
      "odds": 0,
      "p_certain": 0.55,
      "p_occurence": 0
    },
    {
      "delOpt": 167.8635810231,
      "delay": 0,
      "immOpt": 50,
      "odds": 1.5,
      "p_certain": 0.4,
      "p_occurence": 0.4
    },
    {
      "delOpt": 50.1,
      "delay": 0,
      "immOpt": 50,
      "odds": 0.25,
      "p_certain": 0.55,
      "p_occurence": 0.8
    },
    {
      "delOpt": 50.1,
      "delay": 0,
      "immOpt": 50,
      "odds": 1.5,
      "p_certain": 0.65,
      "p_occurence": 0.4
    },
    {
      "delOpt": 83.6374602201,
      "delay": 182.5,
      "immOpt": 50,
      "odds": 0.25,
      "p_certain": 0.5,
      "p_occurence": 0.8
    },
    {
      "delOpt": 109.7330877343,
      "delay": 0,
      "immOpt": 50,
      "odds": 0.6666666667,
      "p_certain": 0.425,
      "p_occurence": 0.6
    },
    {
      "delOpt": 50.1,
      "delay": 0,
      "immOpt": 50,
      "odds": 0.6666666667,
      "p_certain": 0.65,
      "p_occurence": 0.6
    },
    {
      "delOpt": 50.1,
      "delay": 1095,
      "immOpt": 50,
      "odds": 1.5,
      "p_certain": 0.65,
      "p_occurence": 0.4
    },
    {
      "delOpt": 50.1,
      "delay": 30,
      "immOpt": 50,
      "odds": 1.5,
      "p_certain": 0.65,
      "p_occurence": 0.4
    },
    {
      "delOpt": 50.1,
      "delay": 0,
      "immOpt": 50,
      "odds": 1.5,
      "p_certain": 0.575,
      "p_occurence": 0.4
    },
    {
      "delOpt": 50.1,
      "delay": 30,
      "immOpt": 50,
      "odds": 0.25,
      "p_certain": 0.65,
      "p_occurence": 0.8
    },
    {
      "delOpt": 397.4649408931,
      "delay": 30,
      "immOpt": 50,
      "odds": 4,
      "p_certain": 0.35,
      "p_occurence": 0.2
    },
    {
      "delOpt": 185.7080730912,
      "delay": 30,
      "immOpt": 50,
      "odds": 4,
      "p_certain": 0.5,
      "p_occurence": 0.2
    },
    {
      "delOpt": 234.557374623,
      "delay": 365,
      "immOpt": 50,
      "odds": 0.25,
      "p_certain": 0.35,
      "p_occurence": 0.8
    },
    {
      "delOpt": 50.1,
      "delay": 0,
      "immOpt": 50,
      "odds": 0.6666666667,
      "p_certain": 0.575,
      "p_occurence": 0.6
    },
    {
      "delOpt": 536.618528674,
      "delay": 182.5,
      "immOpt": 50,
      "odds": 4,
      "p_certain": 0.35,
      "p_occurence": 0.2
    },
    {
      "delOpt": 213.4129300333,
      "delay": 1095,
      "immOpt": 50,
      "odds": 0.25,
      "p_certain": 0.5,
      "p_occurence": 0.8
    },
    {
      "delOpt": 96.0941975449,
      "delay": 0,
      "immOpt": 50,
      "odds": 1.5,
      "p_certain": 0.5,
      "p_occurence": 0.4
    },
    {
      "delOpt": 57.4919275884,
      "delay": 0,
      "immOpt": 50,
      "odds": 0.6666666667,
      "p_certain": 0.525,
      "p_occurence": 0.6
    },
    {
      "delOpt": 50.1,
      "delay": 182.5,
      "immOpt": 50,
      "odds": 0.6666666667,
      "p_certain": 0.65,
      "p_occurence": 0.6
    },
    {
      "delOpt": 60.5744652487,
      "delay": 0,
      "immOpt": 50,
      "odds": 1.5,
      "p_certain": 0.55,
      "p_occurence": 0.4
    },
    {
      "delOpt": 50.1,
      "delay": 0,
      "immOpt": 50,
      "odds": 0.25,
      "p_certain": 0.65,
      "p_occurence": 0.8
    },
    {
      "delOpt": 236.8342698261,
      "delay": 0,
      "immOpt": 50,
      "odds": 4,
      "p_certain": 0.45,
      "p_occurence": 0.2
    },
    {
      "delOpt": 204.7958347648,
      "delay": 0,
      "immOpt": 50,
      "odds": 4,
      "p_certain": 0.475,
      "p_occurence": 0.2
    },
    {
      "delOpt": 70.48631002,
      "delay": 0,
      "immOpt": 50,
      "odds": 0.6666666667,
      "p_certain": 0.5,
      "p_occurence": 0.6
    },
    {
      "delOpt": 131.6139298411,
      "delay": 0,
      "immOpt": 50,
      "odds": 1.5,
      "p_certain": 0.45,
      "p_occurence": 0.4
    }
  ],
  "updatedAt": "2024-12-10T16:02:51.460Z"
}